"last_name, first_name","player_id","year","p_formatted_ip","pa","hit","home_run","strikeout","walk","k_percent","bb_percent","on_base_percent","babip","p_era","p_hit_by_pitch","poorlyweak_percent","hard_hit_percent","whiff_percent","groundballs_percent","flyballs_percent","linedrives_percent","popups_percent","n","n_fastball_formatted","n_breaking_formatted","n_offspeed_formatted"
"Wentz, Joey",666214,2024,"67.1",304,66,8,73,33,24,10.9,".340",".314","4.68","4",6.2,36.1,29.6,41.8,25.3,23.7,9.3,"1224","67.9","13","19.1"
"Jiménez, Joe",641729,2024,"68.2",277,45,2,82,23,29.6,8.3,".260",".259","2.62","4",5.4,32.7,32.9,42.9,32.1,18.5,6.5,"1089","46.2","49.6","4.2"
"Williams, Gavin",668909,2024,"76.0",332,72,7,79,32,23.8,9.6,".323",".310","4.86","3",2.8,44,24.8,40.8,26.1,26.1,6.9,"1368","63.5","31.1","5.4"
"Marsh, Alec",679525,2024,"129.0",548,123,19,123,39,22.4,7.1,".316",".293","4.53","11",4.5,40.9,23.5,38.8,26.5,25.7,9.1,"2161","50.8","39.2","10"
"Doval, Camilo",666808,2024,"59.0",271,54,5,78,39,28.8,14.4,".353",".338","4.88","2",5.9,42.8,34.3,60.5,19.1,19.1,1.3,"1116","48.9","51.1",
"Speier, Gabe",642100,2024,"23.2",104,19,2,33,14,31.7,13.5,".340",".327","5.70","2",5.5,36.4,31,41.8,30.9,18.2,9.1,"422","68","30.6","1.4"
"Peterson, David",656849,2024,"121.0",510,110,8,101,46,19.8,9,".320",".294","2.90","7",3.9,42.7,25.6,50.8,21.3,23.9,3.9,"1871","57.5","26.1","16.4"
"Irvin, Jake",663623,2024,"187.2",769,173,29,156,52,20.3,6.8,".299",".274","4.41","4",5.4,39.1,22.3,44.7,25.5,23.3,6.5,"3046","64.9","31.6","3.5"
"Spence, Mitch",687765,2024,"151.1",651,165,20,126,44,19.4,6.8,".331",".319","4.58","6",3.2,41.7,22.5,48.4,23.8,21.9,5.9,"2480","54.2","44.7","1.1"
"Moore, Matt",519043,2024,"48.1",210,39,11,41,26,19.5,12.4,".324",".220","5.03","2",6.4,35.5,26.7,31.2,30.5,22,16.3,"854","50.7","17.6","31.7"
"Puk, A.J.",640462,2024,"71.1",294,51,5,88,28,29.9,9.5,".276",".271","3.15","2",6.3,33.5,31.8,37.5,30.7,22.7,9.1,"1173","58","38","4"
"Canning, Griffin",656288,2024,"171.2",739,174,31,130,66,17.6,8.9,".334",".284","5.19","6",3.5,41.9,24.5,41.3,30,22.5,6.1,"2869","38.6","34.8","26.7"
"Sale, Chris",519242,2024,"177.2",702,141,9,225,39,32.1,5.6,".269",".315","2.38","8",5.8,31.2,31,46,24,25.8,4.2,"2815","45","40.3","14.7"
"Muller, Kyle",666205,2024,"49.1",202,48,6,36,10,17.8,5,".292",".282","4.01","1",2.6,43.2,22.7,42.6,23.2,27.7,6.5,"725","53.4","38.8","7.9"
"Holton, Tyler",663947,2024,"94.1",354,57,7,77,17,21.8,4.8,".222",".202","2.19","4",5.9,32.8,24.5,47.7,23,21.5,7.8,"1339","64.2","17","18.9"
"Estévez, Carlos",608032,2024,"55.0",212,38,5,50,12,23.6,5.7,".241",".229","2.45","1",4,42.3,25.6,32.2,32.9,27.5,7.4,"821","61.1","28.5","10.4"
"Montero, Rafael",606160,2024,"38.1",164,35,8,23,19,14,11.6,".348",".243","4.70","3",2.5,42,17.9,42.9,26.1,26.1,5,"683","69.3","7.5","23.3"
"López, Jorge",605347,2024,"53.0",216,46,6,50,18,23.1,8.3,".306",".286","2.89","2",8.2,39.7,23.1,51.4,26,15.8,6.8,"802","56.1","32","11.8"
"Adams, Austin",613534,2024,"41.1",191,38,4,53,23,27.7,12,".389",".351","3.92","13",8.8,31.4,35.3,38.2,23.5,27.5,10.8,"805","26.2","73.8",
"McFarland, T.J.",519008,2024,"56.2",235,53,4,39,17,16.6,7.2,".316",".288","3.81","4",6.9,34.9,19.2,59.4,14.3,20.6,5.7,"836","49.3","38.4","12.3"
"Spiers, Carson",686730,2024,"90.2",410,112,20,80,27,19.5,6.6,".351",".331","5.46","5",5.7,38.9,21.4,35.9,32.6,23.5,8.1,"1554","63.4","24.5","12.1"
"Junis, Jakob",596001,2024,"67.0",253,49,8,51,8,20.2,3.2,".237",".224","2.69","3",0.5,42.4,24.6,38.7,28.8,25.7,6.8,"943","46.3","45.3","8.4"
"Robertson, David",502085,2024,"72.0",297,53,5,99,28,33.3,9.4,".291",".302","3.00","5",4.3,37.8,29.5,47,26.2,22.6,4.3,"1211","64.8","33.4","1.7"
"Mazur, Adam",800049,2024,"33.2",158,40,6,22,21,13.9,13.3,".399",".318","7.49","2",0.9,38.9,18.4,32.7,27.4,29.2,10.6,"584","43.3","46.4","10.3"
"Martin, Davis",663436,2024,"50.0",220,50,5,47,23,21.4,10.5,".355",".321","4.32","5",4.1,37.9,27,46.9,26.9,17.9,8.3,"892","46","34.4","19.6"
"Barnes, Jacob",606930,2024,"66.0",277,67,10,55,20,19.9,7.2,".314",".297","4.36","0",3.5,41.6,25.1,38.1,26.2,31.7,4,"1117","96.3","3.7",
"Kelly, Merrill",518876,2024,"73.2",300,67,11,63,19,21,6.3,".294",".275","4.03","2",2.3,40.9,21.3,42.8,29.8,23.3,4.2,"1142","59.5","19.6","20.9"
"Falter, Bailey",663559,2024,"142.1",589,138,17,97,45,16.5,7.6,".315",".287","4.43","0",4,41.3,19.6,37.5,28.1,25.8,8.5,"2137","62.7","36.8","0.6"
"Meyer, Max",676974,2024,"57.0",248,62,14,46,19,18.5,7.7,".339",".289","5.68","3",3.9,47.8,23.9,50.6,25,18.3,6.1,"968","41.4","40.7","17.9"
"Weissert, Greg",669711,2024,"63.1",263,65,7,58,20,22.1,7.6,".324",".328","3.13","0",2.7,40.5,20.3,41.1,28.1,24.9,5.9,"1029","56.3","34.9","8.8"
"Johnson, Pierce",572955,2024,"56.1",236,48,6,67,25,28.4,10.6,".318",".309","3.67","2",2.1,39.4,28.1,45.8,26.8,22.5,4.9,"916","28.4","71.6",
"Morgan, Eli",669212,2024,"42.0",167,30,4,34,11,20.4,6.6,".255",".226","1.93","1",9.1,28.1,24.9,32.2,31.4,24,12.4,"646","40.2","36.1","23.7"
"Foley, Jason",671345,2024,"60.0",250,51,5,46,20,18.4,8,".293",".261","3.15","2",5.5,41.2,22.3,47.8,24.7,24.2,3.3,"905","62.9","31.5","5.6"
"Oller, Adam",670124,2024,"42.1",189,43,7,36,22,19,11.6,".354",".295","5.31","2",3.1,38.8,21.5,38.8,31,19.4,10.9,"710","51.4","41.5","7"
"Cleavinger, Garrett",664076,2024,"60.0",266,52,6,71,31,26.7,11.7,".338",".305","3.75","7",5.7,33.8,30.3,41.4,29.3,23.6,5.7,"1056","60.6","39.4",
"Matz, Steven",571927,2024,"44.1",190,49,7,33,15,17.4,7.9,".349",".318","5.08","2",2.9,30.7,18.1,40.7,21.4,29.3,8.6,"754","59.8","14.5","25.7"
"Hodge, Porter",687863,2024,"43.0",164,19,2,52,19,31.7,11.6,".238",".189","1.88","1",2.2,35.9,32.8,40.2,30.4,22.8,6.5,"642","61.2","37.5","1.2"
"Hoffman, Jeff",656546,2024,"66.1",265,48,6,89,16,33.6,6,".253",".278","2.17","3",5.7,42,35.3,37.6,27.4,24.8,10.2,"1001","47.3","40.8","12"
"Wacha, Michael",608379,2024,"166.2",685,154,17,145,45,21.2,6.6,".300",".293","3.35","5",5.7,32.5,23.3,39.9,26.8,23.5,9.8,"2602","50.4","17.4","32.2"
"Thompson, Ryan",657044,2024,"66.1",272,64,5,52,15,19.1,5.5,".296",".299","3.26","1",7.4,44.6,23,62.7,15.2,17.6,4.4,"977","74.3","25.7",
"Ramírez, Yohan",670990,2024,"45.0",208,49,4,45,17,21.6,8.2,".379",".352","6.20","12",4.5,34.3,24.8,45.5,23.9,22.4,8.2,"768","57","43",
"Schwellenbach, Spencer",680885,2024,"123.2",500,106,14,127,23,25.4,4.6,".271",".280","3.35","6",4.7,39.8,27.4,43,25.3,24.7,7,"1887","52.6","34.6","12.8"
"Fried, Max",608331,2024,"174.1",714,146,13,166,57,23.2,8,".295",".283","3.25","7",6.2,34.6,24.1,59.2,16.1,21.7,2.9,"2762","53.8","32.5","13.6"
"Lawrence, Justin",664875,2024,"59.2",279,73,9,45,33,16.1,11.8,".408",".350","6.49","7",4.6,42.3,22.6,52.6,18.6,27.3,1.5,"1081","58.9","41.1",
"Montgomery, Jordan",656756,2024,"117.0",532,149,14,83,44,15.6,8.3,".369",".351","6.23","2",5.7,41,26.9,43,24.9,27.6,4.5,"1929","48.2","32.5","19.3"
"Kikuchi, Yusei",579328,2024,"175.2",736,167,25,206,44,28,6,".291",".312","4.05","2",4.8,45,29,42.6,29.5,22.9,5,"2923","47","41.9","11.1"
"Anderson, Tyler",542881,2024,"179.1",765,158,24,142,73,18.6,9.5,".311",".258","3.81","7",4.8,33,27.8,38.3,29.5,23.8,8.5,"2914","61.5","1.4","37.1"
"Anderson, Chase",502624,2024,"58.1",255,55,12,42,21,16.5,8.2,".315",".246","5.40","4",3.7,33,23.8,31.9,34,22.3,11.7,"1016","50.4","19.2","30.4"
"Yates, Kirby",489446,2024,"61.2",237,23,3,85,28,35.9,11.8,".225",".169","1.17","2",5.8,33.1,33.6,45.5,34.7,13.2,6.6,"1026","60.7","0.6","38.7"
"Cortes Jr., Nestor",641482,2024,"174.1",710,162,24,162,39,22.8,5.5,".290",".288","3.77","4",4.2,43.6,24.2,31.9,32.1,24,12.1,"2849","73.6","16.8","9.7"
"Kelly, Joe",523260,2024,"32.0",143,31,4,35,16,24.5,11.2,".369",".333","4.78","5",7,43,22.4,47.7,23.3,24.4,4.7,"552","53.6","39.5","6.9"
"Webb, Jacob",657097,2024,"56.2",237,40,4,58,27,24.5,11.4,".287",".245","3.02","1",5.3,34.4,27.4,34.4,31.8,23.8,9.9,"933","44.3","28.1","27.7"
"Sánchez, Cristopher",650911,2024,"181.2",754,182,11,153,44,20.3,5.8,".301",".315","3.32","0",6.5,34.5,24.3,58.3,15.6,23.7,2.3,"2797","47.4","16.9","35.7"
"Saucedo, Tayler",642048,2024,"38.2",166,35,3,38,18,22.9,10.8,".331",".305","3.49","2",7.4,27.8,28.1,50.9,22.2,21.3,5.6,"626","49.2","27.3","23.5"
"Madden, Ty",680744,2024,"23.0",101,25,2,17,8,16.8,7.9,".337",".315","4.30","1",2.7,37.3,24.4,44,21.3,25.3,9.3,"403","63.3","21.6","15.1"
"Roberts, Ethan",681799,2024,"26.2",118,31,3,26,10,22,8.5,".356",".359","3.71","1",2.5,43.2,27.2,28.4,35.8,28.4,7.4,"474","40.7","59.3",
"Black, Mason",696131,2024,"36.1",169,46,7,31,15,18.3,8.9,".381",".348","6.44","3",4.2,40.8,16.4,32.5,35.8,24.2,7.5,"663","60.6","37.1","2.3"
"Soroka, Michael",647336,2024,"79.2",347,66,13,84,44,24.2,12.7,".328",".264","4.74","3",6,35.2,24.8,41.7,27.8,20.8,9.7,"1442","53.7","36.5","9.8"
"Domínguez, Seranthony",622554,2024,"58.2",255,52,12,68,21,26.7,8.2,".294",".263","4.45","2",6.7,32.9,26.4,36,31.1,22,11,"1064","58.8","40","1.1"
"Miller, Bobby",676272,2024,"56.0",258,69,17,52,30,20.2,11.6,".391",".331","8.52","2",2.3,47.7,23.7,44.8,25.3,24.7,5.2,"1053","51.5","28.6","19.9"
"Faedo, Alex",656412,2024,"57.1",246,49,9,55,28,22.4,11.4,".328",".268","3.61","3",5.6,34.4,31.1,39.4,28.1,26.9,5.6,"1007","40.5","39.6","19.9"
"Valdez, Framber",664285,2024,"176.1",703,140,13,169,55,24,7.8,".287",".277","2.91","6",4.9,45,27.2,61.7,15,21.8,1.5,"2598","46.9","35.6","17.5"
"Cruz, Fernando",518585,2024,"66.2",288,54,9,109,35,37.8,12.2,".314",".338","4.86","1",5.6,44.1,38.2,35.7,26.6,30.1,7.7,"1138","58.1",,"41.9"
"Boyd, Matthew",571510,2024,"39.2",166,32,4,46,13,27.7,7.8,".283",".277","2.72","2",1.9,38.1,29.7,33.3,29.5,26.7,10.5,"669","48.4","25.4","26.2"
"Finnegan, Kyle",640448,2024,"63.2",271,61,9,60,24,22.1,8.9,".315",".294","3.68","0",3.2,48.1,23.1,46.5,24.6,25.7,3.2,"1067","67.6","5.6","26.8"
"Bradley, Taj",671737,2024,"138.0",578,122,22,154,47,26.6,8.1,".300",".287","4.11","3",3.2,42.9,27.4,42.1,27.9,23.6,6.4,"2294","64.2","8.9","26.9"
"Swanson, Erik",657024,2024,"39.1",168,36,11,37,14,22,8.3,".304",".238","5.03","1",2.6,50,23.5,41.4,26.7,24.1,7.8,"666","49.8","19.2","30.9"
"Scott, Tanner",656945,2024,"72.0",294,45,3,84,36,28.6,12.2,".285",".256","1.75","1",13.5,27.5,32.7,52,18.1,21.6,8.2,"1163","59.2","40.7","0.1"
"Hjelle, Sean",663546,2024,"80.2",337,84,10,75,14,22.3,4.2,".308",".322","3.90","5",4.9,37.4,21.4,59.3,16.9,21,2.9,"1209","65.6","34.4",
"Yamamoto, Yoshinobu",808967,2024,"90.0",368,78,7,105,22,28.5,6,".275",".306","3.00","1",5.4,41.3,27,48.3,20,27.9,3.8,"1469","49.4","26.5","24.2"
"Verlander, Justin",434378,2024,"90.1",396,98,15,74,27,18.7,6.8,".331",".303","5.48","6",3.5,32.5,21.3,28.7,31.8,27.7,11.8,"1580","48.7","41.2","10.1"
"Bird, Jake",656234,2024,"40.0",185,43,5,31,25,16.8,13.5,".391",".319","4.50","4",7.2,41.6,22.2,47.2,29.6,20,3.2,"684","52.3","47.4","0.3"
"Ortiz, Luis",682847,2024,"135.2",556,109,16,107,42,19.2,7.6,".288",".243","3.32","9",2.8,37.7,21,39.9,30.7,21.9,7.5,"2143","72.2","26.8","0.9"
"Hancock, Emerson",676106,2024,"60.2",266,62,12,39,19,14.7,7.1,".327",".263","4.75","6",4,46,21.9,35.6,28.7,27.7,7.9,"1014","68.3","10.6","21.1"
"Phillips, Evan",623465,2024,"54.2",228,48,6,63,17,27.6,7.5,".291",".300","3.62","1",6.8,32.7,27.7,40.1,32.7,21.1,6.1,"917","61.4","38.6",
"Vest, Will",676684,2024,"70.1",289,61,3,63,18,21.8,6.2,".285",".289","2.82","3",4.4,38,24.3,48.3,21.5,26.8,3.4,"1162","68.6","21.6","9.8"
"Montas, Frankie",593423,2024,"150.2",655,140,24,148,66,22.6,10.1,".325",".284","4.84","6",4.4,43.1,24.9,41.2,25.1,26.5,7.1,"2633","71","10.7","18.3"
"McCaughan, Darren",670766,2024,"42.0",195,53,9,28,15,14.4,7.7,".379",".321","6.21","6",6.2,39,15.5,35.6,35.6,21.9,6.8,"714","51","38","11.1"
"Leasure, Jordan",673929,2024,"31.1",142,32,6,26,18,18.3,12.7,".362",".289","6.32","1",4.1,35.1,26.6,37.1,29.9,21.6,11.3,"560","59.8","40.2",
"Keller, Brad",641745,2024,"41.1",192,48,9,32,15,16.7,7.8,".339",".291","5.44","2",4.9,39.2,21.1,49.7,25.2,19.6,5.6,"743","42.7","44.3","13.1"
"Rodriguez, Yariel",684320,2024,"86.2",368,74,11,85,40,23.1,10.9,".319",".276","4.47","3",5.9,37.2,25.7,38.5,31.4,20.1,10,"1501","51.8","38.7","9.5"
"Bednar, David",670280,2024,"57.2",262,54,9,58,28,22.1,10.7,".327",".278","5.77","3",2.3,39.5,27.6,36.6,30.2,22.1,11,"1023","55.5","20.4","24"
"Thielbar, Caleb",573204,2024,"47.1",216,50,6,53,24,24.5,11.1,".344",".333","5.32","0",3.6,33.8,24.7,39.6,27.3,23,10.1,"887","43.4","56.6",
"Tinoco, Jesus",622786,2024,"40.2",162,27,3,42,12,25.9,7.4,".259",".235","3.32","3",3.8,33.3,26.4,45.7,25.7,18.1,10.5,"644","43.9","52.3","3.7"
"Gibson, Kyle",502043,2024,"169.2",722,161,23,151,68,20.9,9.4,".324",".292","4.24","4",5,39.1,25.9,44.5,25.5,24.2,5.8,"2764","60.7","29.3","9.9"
"Hill, Tim",657612,2024,"67.0",290,77,2,31,19,10.7,6.6,".339",".319","3.36","2",7.1,40.8,12.8,68.1,11.8,18.5,1.7,"982","94.8","5.2",
"Bielak, Brandon",656232,2024,"29.2",140,39,5,14,13,10,9.3,".386",".321","5.16","2",2.7,38.7,17.2,38.7,28.8,27,5.4,"510","47.5","25.1","27.5"
"Herz, DJ",687792,2024,"88.2",382,76,11,106,36,27.7,9.4,".303",".290","4.16","3",5.1,34.7,29.3,36.9,31.4,24.2,7.6,"1586","54.2","21.2","24.5"
"Littell, Zack",641793,2024,"156.1",656,164,22,141,31,21.5,4.7,".306",".312","3.63","5",3.8,39.2,23.1,34.1,27.8,28.2,9.8,"2485","36.9","39.9","23.2"
"Pfaadt, Brandon",694297,2024,"181.2",760,183,24,185,42,24.3,5.5,".302",".316","4.71","4",2.8,39.4,25.4,42.2,28.8,22.9,6.1,"2792","55.6","32.6","11.8"
"De Los Santos, Enyel",660853,2024,"64.0",278,65,17,66,25,23.7,9,".342",".291","5.20","5",4.9,42.3,29.3,35.7,31.3,22,11,"1127","49.4","42.9","7.6"
"Alvarado, José",621237,2024,"61.2",258,49,6,63,28,24.4,10.9,".302",".269","4.09","1",4.2,41,28.4,45.8,20.5,24.7,9,"1052","99.7","0.3",
"Festa, Matt",670036,2024,"23.2",100,21,2,24,8,24,8,".300",".292","5.70","1",9,34.3,26.2,26.9,28.4,26.9,17.9,"385","66.5","33.2","0.3"
"Brooks, Aaron",605156,2024,"26.2",119,33,4,12,8,10.1,6.7,".353",".309","5.06","1",3.1,48,19.9,49,27.6,21.4,2,"403","52.4","34.2","13.4"
"Myers, Tobias",668964,2024,"138.0",569,126,18,127,36,22.3,6.3,".295",".284","3.00","5",4.5,38.7,21.3,37.7,25.2,28.4,8.7,"2152","63.5","25.1","11.4"
"Holmes, Grant",656550,2024,"68.1",282,66,7,70,15,24.8,5.3,".294",".314","3.56","2",2.6,38.5,32.4,44.1,27.2,22.6,6.2,"1024","45.5","53.3","1.2"
"Latz, Jacob",656641,2024,"43.2",192,39,6,40,27,20.8,14.1,".349",".280","3.71","1",8.1,40.3,28.3,35.5,27.4,24.2,12.9,"813","49.4","27.9","22.6"
"Sammons, Bryan",676614,2024,"27.1",104,16,6,18,9,17.3,8.7,".250",".143","3.62","1",2.6,31.6,23.3,21.1,46.1,21.1,11.8,"374","64.7","27","8.3"
"Thornton, Trent",663423,2024,"72.1",294,63,8,77,19,26.2,6.5,".299",".302","3.61","5",7.8,37.3,27.3,39.4,27.5,24.9,8.3,"1139","33.6","63.9","2.5"
"Hernández, Jonathan",642546,2024,"43.1",192,41,6,39,28,20.3,14.6,".366",".299","5.40","1",3.2,39.5,30.1,49.2,25,24.2,1.6,"761","38.9","49.3","11.8"
"Chargois, JT",608638,2024,"36.1",146,24,6,30,13,20.5,8.9,".267",".189","2.23","2",3,41.6,23.7,38.6,26.7,26.7,7.9,"529","56.5","43.1","0.4"
"Miller, Bryce",682243,2024,"180.1",704,131,21,171,45,24.3,6.4,".254",".237","2.94","3",2.3,41.2,24.4,38.6,33,21.2,7.2,"2749","61.7","21.3","17.1"
"Estes, Joey",683155,2024,"127.2",543,130,23,92,27,16.9,5,".308",".274","5.01","10",3.4,39.6,19.2,24.9,35,25.8,14.3,"2027","55.7","33.2","11.1"
"Bellozo, Valente",678368,2024,"68.2",295,69,15,44,21,14.9,7.1,".312",".254","3.67","2",5.3,42.1,19.5,29.8,33.3,22.8,14,"1094","62.7","22.9","14.4"
"Wood, Alex",622072,2024,"39.1",186,51,6,33,19,17.7,10.2,".408",".372","5.26","5",4.7,48.8,20.7,38,24.8,31,6.2,"756","46.2","31.5","22.4"
"Eflin, Zach",621107,2024,"165.1",684,166,22,134,24,19.6,3.5,".283",".288","3.59","3",5.9,36.1,21.6,43.4,26.4,22.6,7.6,"2447","65.5","28.5","6"
"Diekman, Jake",518617,2024,"32.0",145,23,7,40,24,27.6,16.6,".354",".232","5.63","4",6.5,39,28.7,45.5,23.4,24.7,6.5,"627","61.4","28.9","9.7"
"Luzardo, Jesús",666200,2024,"66.2",274,61,9,58,22,21.2,8,".311",".286","5.00","2",3.6,41.1,29.6,38.5,33.3,23.4,4.7,"1083","47.7","29.4","22.9"
"Blalock, Bradley",687134,2024,"30.2",147,35,4,20,20,13.6,13.6,".381",".304","5.87","1",2.8,47.2,20.6,35.8,27.4,31.1,5.7,"551","51.4","32.7","16"
"Kelly, Michael",547184,2024,"31.1",128,27,2,22,10,17.2,7.8,".315",".278","2.59","3",7.5,20.4,22.3,39.8,33.3,19.4,7.5,"470","32.8","67.2",
"Stripling, Ross",548389,2024,"85.1",381,109,7,49,22,12.9,5.8,".347",".339","6.01","1",3.6,35.3,16.9,40.8,23.3,27.8,8.1,"1358","60.4","22","17.6"
"Bassitt, Chris",605135,2024,"171.0",758,180,18,168,70,22.2,9.2,".352",".335","4.16","16",6.2,37.1,21.7,40.9,25,26.8,7.3,"2959","64.9","25.5","9.6"
"Rainey, Tanner",663432,2024,"51.0",231,47,8,44,29,19,12.6,".346",".267","4.76","4",1.3,42.9,26,28.6,39.6,19.5,12.3,"939","70.9","27.7","1.4"
"Elder, Bryce",693821,2024,"49.2",226,64,8,46,17,20.4,7.5,".367",".366","6.52","2",2.5,45.3,25.5,49.7,23.6,23,3.7,"864","55.3","31.4","13.3"
"Cease, Dylan",656302,2024,"189.1",762,137,18,224,65,29.4,8.5,".269",".266","3.47","2",5.3,38.6,32.4,40.3,30.7,22.4,6.6,"3188","44.1","55","0.9"
"Suárez, Albert",544150,2024,"133.2",565,130,17,108,43,19.1,7.6,".314",".290","3.70","3",4.4,38.4,24.6,35.5,31.6,25.5,7.3,"2233","69.5","13.3","17.2"
"Leahy, Kyle",681517,2024,"48.2",191,40,4,33,10,17.3,5.2,".267",".252","4.07","1",2.7,43.5,22.3,40.8,29.3,22.4,7.5,"695","44.3","46.5","9.2"
"Matthews, Zebby",805673,2024,"37.2",177,51,11,43,11,24.3,6.2,".362",".364","6.69","2",0.8,42.1,24,38,29.8,23.1,9.1,"717","59","33.1","7.9"
"Holderman, Colin",670059,2024,"51.1",223,42,6,56,25,25.1,11.2,".324",".277","3.16","5",5.8,38,29.5,40.1,24.1,24.8,10.9,"869","52.2","47.8",
"Jax, Griffin",643377,2024,"71.0",276,47,4,95,15,34.4,5.4,".234",".272","2.03","2",6.7,38.7,37.8,52.1,23.9,17.8,6.1,"1068","39.7","43.6","16.7"
"Criswell, Cooper",681867,2024,"99.1",424,103,10,73,31,17.2,7.3,".333",".308","4.08","7",3.8,37.4,17.2,49.5,23.3,22.4,4.8,"1756","45.1","28.8","26.1"
"Sandoval, Patrick",663776,2024,"79.2",353,85,8,81,35,22.9,9.9,".349",".342","5.08","3",3.8,36.3,26.5,45.7,23.9,26.1,4.3,"1444","33.4","38.3","28.3"
"Faucher, Calvin",676534,2024,"53.2",235,49,0,63,26,26.8,11.1,".339",".350","3.19","4",3.5,39.4,28.1,46.5,24.6,26.1,2.8,"987","71.1","28.9",
"Medina, Luis",665622,2024,"40.0",180,43,4,32,20,17.8,11.1,".356",".317","5.18","1",2.4,44.9,19.2,38.6,27.6,25.2,8.7,"720","56.8","35.3","7.9"
"Suarez, Robert",663158,2024,"65.0",258,52,7,59,16,22.9,6.2,".265",".257","2.77","0",5.5,40.4,24.3,42.1,26.8,20.8,10.4,"977","87.4",,"12.6"
"Freeland, Kyle",607536,2024,"113.1",490,134,22,85,26,17.3,5.3,".329",".315","5.24","1",3.7,40.7,17.1,40.2,24.6,27,8.2,"1769","45.3","41.7","13"
"Cronin, Declan",686539,2024,"70.1",307,75,1,72,26,23.5,8.5,".346",".366","4.35","5",3.4,41.7,26.6,58.3,19.1,20.6,2,"1096","47.8","52.2",
"Neris, Héctor",593576,2024,"59.1",260,55,8,64,28,24.6,10.8,".331",".303","4.10","2",7.9,40.6,25.9,41.2,30.3,23,5.5,"1008","56.2","3.5","40.4"
"Koenig, Jared",657649,2024,"62.0",265,54,4,63,23,23.8,8.7,".308",".296","2.47","4",5.7,35.6,22.4,47.7,24.7,19.5,8,"1017","83","13.1","3.9"
"Little, Brendon",663893,2024,"45.2",193,41,7,36,19,18.7,9.8,".318",".264","3.74","1",5.8,38,29.7,72.3,10.9,14.6,2.2,"696","68.2","31.8",
"Erceg, Lucas",668674,2024,"61.2",253,49,3,72,16,28.5,6.3,".281",".295","3.36","6",3.8,33.3,31,46.5,24.5,24.5,4.4,"947","52.3","27.9","19.9"
"Megill, Trevor",656730,2024,"46.1",183,33,4,50,14,27.3,7.7,".264",".257","2.72","1",1.7,42.4,29.7,34.7,35.6,22.9,6.8,"668","71.6","28.4",
"Santana, Dennis",642701,2024,"71.2",287,57,4,69,21,24,7.3,".287",".282","3.89","4",5.2,32.6,28.2,38.3,28.5,26.4,6.7,"1106","58.8","32.8","8.4"
"Bradish, Kyle",680694,2024,"39.1",163,27,2,53,15,32.5,9.2,".278",".281","2.75","3",7.7,28.6,26.9,56,16.5,18.7,9.9,"674","53","47",
"Martinez, Nick",607259,2024,"142.1",570,128,13,116,18,20.4,3.2,".267",".278","3.10","5",7.9,30.5,23.1,37.7,27.9,24.9,9.5,"2125","60.3","18","21.6"
"Sewald, Paul",623149,2024,"39.2",165,35,6,43,10,26.1,6.1,".291",".282","4.31","3",0.9,42.2,24.4,26.6,34.9,24.8,13.8,"629","59.8","39.6","0.6"
"Bowman, Matt",621199,2024,"30.2",132,26,5,24,13,18.2,9.8,".311",".239","4.40","2",5.4,40.9,18.6,44.1,26.9,25.8,3.2,"497","59","26","15.1"
"Irvin, Cole",608344,2024,"111.0",492,132,18,78,29,15.9,5.9,".340",".317","5.11","6",3.4,40.9,17,40.1,29,25.3,5.5,"1767","57.3","29.3","13.4"
"Anderson, Justin",605121,2024,"53.1",243,48,5,57,33,23.5,13.6,".347",".299","4.39","3",8.7,35.3,29.7,38,32,24,6,"945","54.7","45.3",
"Mayza, Tim",641835,2024,"42.2",195,54,5,28,15,14.4,7.7,".359",".336","6.33","1",5.3,38.4,17.5,46.4,24.5,27.2,2,"731","74.4","25.6",
"Jackson, Luke",592426,2024,"53.0",235,52,7,59,26,25.1,11.1,".342",".321","5.09","2",4.1,39.9,29.7,51.4,25,20.9,2.7,"917","32.6","67.4",
"Feltner, Ryan",663372,2024,"162.1",692,165,20,138,52,19.9,7.5,".324",".306","4.49","7",5.3,36.8,23.9,44.4,25.7,24.8,5.1,"2577","49.7","35.6","14.7"
"Lively, Ben",594902,2024,"151.0",632,139,23,118,49,18.7,7.8,".305",".265","3.81","5",2.6,41.5,18.6,42.6,28.3,21.1,8,"2406","60.4","30.5","9.1"
"Quantrill, Cal",615698,2024,"148.1",656,156,23,110,69,16.8,10.5,".361",".302","4.98","11",5.6,41.2,21.6,44.4,24.2,26,5.4,"2643","53.2","12.4","34.4"
"Díaz, Alexis",664747,2024,"56.1",242,42,6,55,31,22.7,12.8,".326",".250","3.99","6",4.7,38,26.6,32.7,28,22.7,16.7,"977","57.9","42.1",
"Skubal, Tarik",669373,2024,"192.0",753,142,15,228,35,30.3,4.6,".247",".273","2.39","9",4.2,33.9,31.9,46.4,24.7,21.8,7.1,"2838","53.7","19.1","27.1"
"Okert, Steven",595345,2024,"35.1",160,37,6,33,16,20.6,10,".352",".307","5.09","3",7.4,29.6,23.6,32.4,25,25.9,16.7,"616","32.8","59.3","8"
"Miller, Shelby",571946,2024,"55.2",225,41,9,49,13,21.8,5.8,".262",".215","4.53","5",1.9,41.1,24.3,40.5,30.4,20.3,8.9,"850","60.8","20.4","18.8"
"Festa, David",701581,2024,"64.1",277,62,9,77,23,27.8,8.3,".314",".319","4.90","2",4,38.9,28.4,36.6,25.1,29.7,8.6,"1099","40.2","31.8","28"
"Chivilli, Angel",683409,2024,"31.2",133,31,7,28,10,21.1,7.5,".316",".276","4.55","1",3.2,46.8,36.9,48.9,23.4,22.3,5.3,"512","41.6","18.2","40.2"
"Smith, Cade",671922,2024,"75.1",289,51,1,103,17,35.6,5.9,".246",".303","1.91","3",3,42.8,30.2,44.6,21.7,25.3,8.4,"1166","69.1","10.2","20.7"
"Walker, Taijuan",592836,2024,"83.2",381,107,24,58,37,15.2,9.7,".386",".320","7.10","3",3.5,46.3,16.7,37.5,27.2,28.3,7.1,"1435","49.3","28.6","22.1"
"Rosenberg, Kenny",670046,2024,"24.0",104,28,5,17,8,16.3,7.7,".346",".311","6.00","0",2.5,38,22.2,36.7,27.8,25.3,10.1,"403","62.3","5","32.8"
"Leclerc, José",600917,2024,"66.2",288,56,7,89,32,30.9,11.1,".323",".320","4.32","4",7.4,30.7,36,37.4,29.4,24.5,8.6,"1204","57.6","32.2","10.2"
"Gilbert, Logan",669302,2024,"208.2",803,148,26,220,37,27.4,4.6,".236",".237","3.23","4",4.4,39.3,31.7,45.2,24.4,23.8,6.6,"3041","42.8","43.8","13.4"
"Matsui, Yuki",673513,2024,"62.2",257,46,8,69,27,26.8,10.5,".284",".248","3.73","0",3.1,37.3,31.9,37.9,31.1,20.5,10.6,"1049","41.1","34.4","24.5"
"Bazardo, Eduard",660825,2024,"27.2",108,20,2,33,9,30.6,8.3,".271",".286","4.88","0",1.5,33.3,29,56.1,24.2,13.6,6.1,"441","46.3","46.7","7"
"Snider, Collin",676092,2024,"41.2",169,36,5,47,13,27.8,7.7,".290",".298","1.94","0",4.6,36.7,30.2,32.1,29.4,27.5,11,"676","62.4","37.6",
"Nelson, Ryne",669194,2024,"150.2",630,155,17,126,34,20,5.4,".308",".309","4.24","5",2.6,41.6,18.2,42.5,24.1,27.6,5.8,"2406","74.1","16","9.9"
"Estrada, Jeremiah",669093,2024,"61.0",252,42,4,94,23,37.3,9.1,".259",".292","2.95","0",3,37.3,36,35.1,31.3,25.4,8.2,"1003","56.5","23.6","19.8"
"Stratton, Chris",608717,2024,"58.1",257,53,5,44,33,17.1,12.8,".348",".281","5.55","3",7.9,37.9,20.6,45.2,23.7,25.4,5.6,"994","47","43.1","10"
"Little, Luke",681432,2024,"26.0",109,15,1,28,18,25.7,16.5,".339",".241","3.46","4",6.8,40.7,26.8,71.2,16.9,8.5,3.4,"438","72.4","26.3","1.4"
"Blackburn, Paul",621112,2024,"75.1",316,76,12,59,21,18.7,6.6,".317",".291","4.66","3",3.9,35.6,23.5,45.9,20.6,27,6.4,"1212","55.1","26.8","18.1"
"Greene, Hunter",668881,2024,"150.1",611,96,12,169,57,27.7,9.3,".283",".239","2.75","19",3.8,32.5,29.7,35,31.7,20.8,12.6,"2563","55.2","36.4","8.3"
"Weems, Jordan",607179,2024,"41.2",196,49,7,35,24,17.9,12.2,".383",".328","6.70","2",6.7,43,20.3,40.7,28.9,21.5,8.9,"733","61.5","35.7","2.7"
"Peralta, Freddy",642547,2024,"173.2",725,143,26,200,68,27.6,9.4,".307",".281","3.68","10",5.1,36.9,31.1,37.4,29.5,23.5,9.6,"3066","53.9","28.6","17.5"
"Varland, Louis",686973,2024,"49.2",238,68,12,49,16,20.6,6.7,".371",".359","7.61","4",3.6,45,23.2,43.2,27.2,27.2,2.4,"901","46.3","43.3","10.4"
"Gaddis, Hunter",683769,2024,"74.2",278,43,4,66,14,23.7,5,".219",".205","1.57","4",2.1,36.6,25,37.6,31.4,20.6,10.3,"1075","38.3","44.8","16.8"
"Grove, Michael",675627,2024,"51.0",216,46,6,54,16,25,7.4,".316",".301","5.12","6",0.7,33.8,26.6,45.3,22.3,23,9.4,"827","39.9","60.1",
"Ryan, Joe",657746,2024,"135.0",538,110,19,147,23,27.3,4.3,".257",".265","3.60","5",3.3,36.6,26.6,36.4,29.2,22.6,11.8,"2106","54.5","23.3","22.2"
"Ferguson, Tyler",621053,2024,"51.1",207,32,4,62,24,30,11.6,".282",".246","3.68","2",3.4,38.7,26.8,37.8,31.1,21.8,9.2,"819","73","24.5","2.4"
"Ginn, J.T.",669372,2024,"34.0",142,36,4,29,9,20.4,6.3,".331",".327","4.24","2",2,45.1,28.3,47.1,18.6,26.5,7.8,"515","54.6","30.9","14.6"
"Beeks, Jalen",656222,2024,"70.0",312,77,6,55,27,17.6,8.7,".346",".326","4.50","3",7,33,23.2,44.9,23.3,22.9,8.8,"1186","73.4","1","25.5"
"Nicolas, Kyle",693312,2024,"54.2",244,51,4,55,32,22.5,13.1,".357",".315","3.95","4",2,40.5,28.2,43.1,26.1,26.8,3.9,"950","55.1","44.9",
"Kimbrel, Craig",518886,2024,"52.1",232,40,7,73,31,31.5,13.4,".329",".287","5.33","5",1.6,43.1,30.9,31.7,29.3,30.1,8.9,"963","65.7","33.7","0.5"
"Lugo, Seth",607625,2024,"206.2",836,177,16,181,48,21.7,5.7,".281",".278","3.00","9",5.4,39,22.5,44.8,25.8,24.9,4.5,"3112","50.7","39.7","9.6"
"Stroman, Marcus",573186,2024,"154.2",675,167,19,113,60,16.7,8.9,".349",".312","4.31","8",3.4,40.2,20.4,49.9,23.3,22.1,4.7,"2657","56.5","32.4","11"
"Green, Chad",643338,2024,"53.1",210,41,8,46,14,21.9,6.7,".271",".236","3.21","2",4.7,45.9,23.3,36.5,33.1,21.6,8.8,"840","60.7","39.3",
"Manning, Matt",666159,2024,"27.2",123,31,3,23,12,18.7,9.8,".350",".329","4.88","0",2.3,35.2,23.6,30.7,36.4,25,8,"438","48.2","47.7","4.1"
"Joyce, Ben",690829,2024,"34.2",142,26,1,33,14,23.2,9.9,".310",".278","2.08","4",4.4,37.4,29,59.3,15.4,20.9,4.4,"541","81","15.2","3.9"
"Tonkin, Michael",543859,2024,"79.1",340,70,6,85,30,25,8.8,".318",".303","3.63","8",4.6,35,23.7,40.1,26.3,28.1,5.5,"1419","54.9","45.1",
"Henry, Tommy",674072,2024,"38.1",182,49,9,30,18,16.5,9.9,".392",".333","7.04","4",1.5,46.2,16.7,43.8,28.5,23.1,4.6,"706","51.1","31.3","17.6"
"Chafin, Andrew",605177,2024,"56.1",246,52,5,70,31,28.5,12.6,".341",".338","3.51","1",2.8,34,34.5,36.8,27.8,29.9,5.6,"967","54.2","45.8",
"Leiter, Jack",683004,2024,"35.2",173,44,7,31,17,17.9,9.8,".374",".327","8.83","3",4.1,44.6,27.9,38.8,32.2,22.3,6.6,"669","53.7","40.5","5.8"
"Flexen, Chris",623167,2024,"160.0",707,180,24,123,63,17.4,8.9,".349",".318","4.95","2",4.6,37.4,22.7,36.2,27.6,26.6,9.6,"2797","63.3","21","15.7"
"Lovelady, Richard",663992,2024,"34.1",147,34,3,26,11,17.7,7.5,".322",".298","4.46","2",7.4,46.3,23.6,51.9,19.4,21.3,7.4,"528","54","46",
"Cimber, Adam",643256,2024,"24.1",107,20,1,19,14,17.8,13.1,".377",".288","7.03","6",2.9,35.3,16.3,44.1,22.1,29.4,4.4,"416","67.3","32.7",
"Lynch IV, Daniel",663738,2024,"43.1",175,29,6,39,15,22.3,8.6,".274",".207","3.32","4",4.3,47.9,28.3,46.2,28.2,20.5,5.1,"631","46","32.8","21.2"
"Rogers, Taylor",573124,2024,"60.0",249,53,7,64,22,25.7,8.8,".309",".299","2.40","2",6.2,32.9,23.3,46,23.6,21.7,8.7,"1082","52.8","47.2",
"Alexander Jr., Scott",518397,2024,"38.2",160,31,3,31,15,19.4,9.4,".304",".262","2.56","2",4.5,44.6,19.8,60.7,17,21.4,0.9,"566","64.5","22.6","12.9"
"Paddack, Chris",663978,2024,"88.1",384,102,14,79,21,20.6,5.5,".323",".327","4.99","1",5.3,43.1,24,38.5,25.8,29,6.7,"1460","42.9","31.2","25.9"
"Wrobleski, Justin",680736,2024,"36.1",154,34,9,26,16,16.9,10.4,".331",".245","5.70","1",3.6,36.9,22.3,31.5,29.7,28.8,9.9,"592","61.5","33.3","5.2"
"Chirinos, Yonny",630023,2024,"30.0",144,43,7,25,13,17.4,9,".410",".375","6.30","3",3.9,35,20.7,36.9,30.1,21.4,11.7,"515","46.2","39","14.8"
"Pearson, Nate",663878,2024,"66.1",285,67,12,74,21,26,7.4,".319",".314","4.48","3",3.7,45.5,27.8,36.9,28.3,26.2,8.6,"1059","47.7","52.2","0.1"
"Strahm, Matt",621381,2024,"62.2",237,36,4,79,11,33.3,4.6,".224",".234","1.87","6",3.5,37.6,26.7,31.9,34.8,22.7,10.6,"981","80.5","19.5",
"Lynn, Lance",458681,2024,"117.1",511,113,16,109,44,21.3,8.6,".316",".288","3.84","4",5.6,39.3,24.1,36.4,27.7,27.1,8.8,"2039","86.2","7.5","6.3"
"Jiménez, Dany",666204,2024,"25.2",117,21,6,25,19,21.4,16.2,".350",".227","4.91","1",2.8,31.9,29.3,33.3,40.3,15.3,11.1,"450","37.6","58.4","4"
"Gray, Jon",592351,2024,"102.2",439,107,11,86,28,19.6,6.4,".308",".307","4.47","0",4.3,42.2,23.8,40.6,26.8,25.8,6.8,"1620","44.4","48.5","7.1"
"Vásquez, Randy",681190,2024,"98.0",431,119,13,62,29,14.4,6.7,".360",".333","4.87","6",5.1,39.6,18.9,39,21.9,30.3,8.7,"1687","57.9","29.7","12.4"
"Nastrini, Nick",680897,2024,"35.2",174,32,7,26,36,14.9,20.7,".397",".240","7.07","1",3.6,31.5,28.8,32.4,36,18,13.5,"734","45.4","44.8","9.8"
"Rodriguez, Grayson",680570,2024,"116.2",491,109,15,130,36,26.5,7.3,".305",".308","3.86","5",4.1,39.7,30,40.6,26.9,26.3,6.3,"1879","47.7","31.3","21"
"Díaz, Edwin",621242,2024,"53.2",216,36,7,84,20,38.9,9.3,".273",".284","3.52","3",5.5,30.3,38.1,44,22.9,19.3,13.8,"912","52.1","47.9",
"Cousins, Jake",664776,2024,"38.0",155,20,5,53,20,34.2,12.9,".290",".208","2.37","5",5.2,33.8,35.8,42.9,23.4,23.4,10.4,"644","34.3","65.7",
"Rasmussen, Drew",656876,2024,"28.2",116,25,0,35,6,30.2,5.2,".267",".333","2.83","0",9.3,36,31.4,53.3,24,18.7,4,"459","94.6","5.4",
"Sims, Lucas",608371,2024,"49.1",215,41,8,49,30,22.8,14,".341",".264","4.38","2",9,31.3,25.8,28.4,33.6,23.1,14.9,"885","46.9","52.9","0.2"
"Scott, Christian",681035,2024,"47.1",197,45,8,39,12,19.8,6.1,".303",".276","4.56","2",4.2,35.7,21.6,34.3,32.2,19.6,14,"787","52.9","36.7","10.4"
"Birdsong, Hayden",806185,2024,"72.0",315,57,11,88,43,27.9,13.7,".332",".275","4.75","4",6.1,50,29.8,41.1,33.3,22.2,3.3,"1388","44.6","37","18.4"
"Diaz, Yilber",700270,2024,"28.1",119,27,3,19,12,16,10.1,".328",".282","3.81","0",3.4,45.5,20.1,36.4,26.1,30.7,6.8,"469","58","41.6","0.4"
"Soto, Gregory",642397,2024,"53.0",244,56,4,65,27,26.6,11.1,".374",".374","4.42","8",6.3,43.8,31,51.4,19.4,24.3,4.9,"960","58.5","41.5",
"Pepiot, Ryan",686752,2024,"130.0",539,102,17,142,48,26.3,8.9,".292",".262","3.60","7",3.2,37.2,29.9,35.2,29,23.8,12,"2149","56.4","20.1","23.5"
"Jarvis, Bryce",686826,2024,"59.1",258,52,6,38,33,14.7,12.8,".349",".261","3.19","5",1.6,40.1,21.8,42.9,29.7,24.7,2.7,"1006","62","24.4","13.6"
"Berríos, José",621244,2024,"192.1",786,168,31,153,54,19.5,6.9,".300",".258","3.60","13",2.5,41.8,21.1,43.2,26,24.1,6.7,"2914","55.5","28.6","16"
"Baz, Shane",669358,2024,"79.1",319,57,9,69,27,21.6,8.5,".276",".229","3.06","4",1.8,42,24.6,39.3,32,19.6,9.1,"1206","47.9","41.8","10.3"
"Maton III, Phil",664208,2024,"64.0",265,47,7,60,24,22.6,9.1,".303",".244","3.66","9",7,33.1,26.7,47.1,21.5,22.7,8.7,"1078","44.8","55.2",
"Francis, Bowden",670102,2024,"103.2",408,74,17,92,22,22.5,5.4,".253",".212","3.30","7",3.5,36.2,21.2,34.5,33.1,22,10.5,"1558","54.2","27.3","18.4"
"Muñoz, Andrés",662253,2024,"59.1",232,31,6,77,26,33.2,11.2,".259",".208","2.12","3",4.8,33.3,39.8,54,23,19.8,3.2,"951","52.9","47.1",
"Allen, Logan",663531,2024,"28.0",128,32,3,21,10,16.4,7.8,".344",".315","5.46","2",4.2,40,19.7,42.1,18.9,31.6,7.4,"470","57.2","22.1","20.6"
"King, Michael",650633,2024,"173.2",726,144,17,201,63,27.7,8.7,".296",".291","2.95","7",5.7,30.3,29.3,41.5,23.7,25.9,8.8,"2895","52","23.4","24.6"
"Gomber, Austin",596295,2024,"165.0",696,178,30,116,38,16.7,5.5,".312",".290","4.75","1",2.4,41.2,19.9,38.4,28.7,26.8,6.1,"2621","40.4","39.1","20.5"
"Webb, Logan",657277,2024,"204.2",841,202,11,172,50,20.5,5.9,".302",".316","3.47","2",5.5,46.2,20.8,57.2,17.3,23.2,2.3,"3200","47.8","21.3","30.9"
"Smith, Burch",572143,2024,"56.1",241,64,6,46,12,19.1,5,".328",".337","4.95","2",5,44.8,20.7,44.8,27.6,22.7,5,"896","71.7","27.6","0.8"
"Heaney, Andrew",571760,2024,"160.0",693,159,23,159,41,22.9,5.9,".307",".299","4.28","12",3.7,40.1,26.3,34.3,30.6,27.9,7.3,"2731","51.6","31.5","16.9"
"Skenes, Paul",694973,2024,"133.0",514,94,10,170,32,33.1,6.2,".257",".284","1.96","6",4.2,36.3,28.7,52.3,20.3,20.3,7.2,"2125","67.6","27","5.4"
"Gausman, Kevin",592332,2024,"181.0",756,165,20,162,56,21.4,7.4,".296",".282","3.83","2",2.1,42.4,23.4,39.3,30.1,23.6,7.1,"2868","58.2","8.4","33.4"
"Hudson, Bryan",663542,2024,"62.1",231,28,7,62,17,26.8,7.4,".209",".149","1.73","3",4.7,36.5,21.5,39.9,24.3,26.4,9.5,"927","76.7","23.3",
"Harrison, Kyle",690986,2024,"124.1",532,125,18,118,42,22.2,7.9,".328",".309","4.56","7",3.6,44.1,23.6,40.8,29.9,22.7,6.6,"2078","57.7","22.6","19.7"
"Woo, Bryan",693433,2024,"121.1",472,96,14,101,13,21.4,2.8,".237",".240","2.89","3",4.2,35.2,23.6,42,28.7,22.5,6.8,"1716","72","18.6","9.4"
"Sears, JP",676664,2024,"180.2",758,172,28,137,49,18.1,6.5,".311",".273","4.38","14",4.7,40.2,21.8,37.9,32,19.2,11,"2856","46.9","33.9","19.2"
"Roycroft, Chris",688297,2024,"34.1",155,31,2,33,17,21.3,11,".338",".296","4.19","4",7.9,33.7,22.1,55.4,17.8,20.8,5.9,"596","79","21",
"Abreu, Bryan",650556,2024,"78.1",325,59,9,103,32,31.7,9.8,".299",".287","3.10","6",0.5,38,34,39.7,29.9,25.5,4.9,"1300","46.4","53.1","0.5"
"Romero, JoJo",668941,2024,"59.0",243,52,8,51,16,21,6.6,".302",".272","3.36","5",5.8,39.8,25.4,49.7,24,24,2.3,"919","49","33.9","17.1"
"Keller, Mitch",656605,2024,"178.0",773,182,23,166,50,21.5,6.5,".321",".308","4.25","15",4.3,39.3,21.5,39.8,26.3,28.3,5.6,"2849","64.6","34.6","0.7"
"Bubic, Kris",663460,2024,"30.1",121,26,2,39,5,32.2,4.1,".261",".329","2.67","0",13,28.6,30.5,59.7,14.3,20.8,5.2,"467","47.1","36.4","16.5"
"Staumont, Josh",622251,2024,"24.1",102,17,0,18,14,17.6,13.7,".314",".246","3.70","1",8.7,34.8,25.9,46.4,17.4,24.6,11.6,"420","37.1","62.9",
"Eovaldi, Nathan",543135,2024,"170.2",696,147,23,166,42,23.9,6,".282",".271","3.80","7",3.3,42.6,26.8,48.9,24.5,22.7,4,"2622","52.6","16.6","30.8"
"Peguero, Elvis",665625,2024,"51.1",227,52,4,47,27,20.7,11.9,".357",".327","2.98","2",2,40.4,27.7,56.3,16.6,23.8,3.3,"829","49.3","50.7",
"Woods Richardson, Simeon",680573,2024,"133.2",569,125,16,117,48,20.6,8.4,".310",".285","4.17","3",2.7,36.2,22.3,36.2,30.9,24.2,8.7,"2295","40.3","40.5","19.3"
"White, Mitch",669952,2024,"23.2",110,26,4,13,13,11.8,11.8,".370",".286","7.23","1",7.2,42.2,16,43.4,30.1,24.1,2.4,"413","52.5","47.5",
"Nardi, Andrew",677053,2024,"49.2",210,44,7,70,18,33.3,8.6,".301",".327","5.07","1",1.7,34.7,31.1,32.2,38.8,20.7,8.3,"906","60.8","38.4","0.8"
"Pérez, Cionel",672335,2024,"53.2",238,47,0,46,28,19.3,11.8,".338",".297","4.53","5",5.7,34,23.7,55.3,19.5,20.1,5,"864","62.5","37.5",
"Garabito, Gerson",642520,2024,"26.1",115,23,4,22,12,19.1,10.4,".342",".264","4.78","4",3.9,35.1,20.8,35.1,31.2,27.3,6.5,"492","49.6","38.8","11.6"
"Germán, Domingo",593334,2024,"20.2",100,25,4,18,13,18,13,".404",".339","7.84","2",1.5,36.4,20.3,34.8,27.3,22.7,15.2,"373","44.2","33.2","22.5"
"Avila, Pedro",658648,2024,"82.2",353,73,8,82,36,23.2,10.2,".321",".293","3.81","4",3.9,41.6,25,45.5,19.9,30.7,3.9,"1419","51.4","26.6","22"
"Garrett, Braxton",666129,2024,"37.0",161,40,5,34,4,21.1,2.5,".304",".310","5.35","5",1.7,48.3,21.8,51.7,21.2,21.2,5.9,"588","56.6","31","12.4"
"Crawford, Kutter",676710,2024,"183.2",759,155,34,175,51,23.1,6.7,".284",".247","4.36","9",4.4,36.3,25.3,33.8,32.3,22.1,11.8,"2823","65.8","25.6","8.6"
"Fernandez, Ryan",681676,2024,"66.2",285,58,4,71,32,24.9,11.2,".325",".310","3.51","2",4.4,33.9,31.5,43.9,23.3,27.8,5,"1190","51.8","48.2",
"Cabrera, Edward",665795,2024,"96.1",417,82,15,107,49,25.7,11.8,".326",".278","4.95","5",3.5,45.7,28,47.7,21.9,24.6,5.9,"1734","36.4","30.2","33.4"
"Rodríguez, Yerry",666720,2024,"21.2",105,26,7,17,13,16.2,12.4,".390",".288","8.72","2",5.5,49.3,22.1,35.6,35.6,24.7,4.1,"438","58","30.8","11.2"
"Jones, Jared",683003,2024,"121.2",504,106,18,132,39,26.2,7.7,".298",".284","4.14","5",3.4,44.5,30.2,39,28.7,24.4,7.9,"1912","49.3","44.2","6.5"
"Schmidt, Clarke",657376,2024,"85.1",353,71,8,93,30,26.3,8.5,".312",".296","2.85","9",2.3,38,29.4,40.7,27.6,23.1,8.6,"1454","56","43.4","0.6"
"Kerr, Ray",678061,2024,"22.1",103,29,4,27,7,26.2,6.8,".379",".403","5.64","3",7.6,45.5,35.5,34.8,33.3,28.8,3,"383","48.6","47","4.4"
"Severino, Luis",622663,2024,"182.0",761,166,23,161,60,21.2,7.9,".313",".285","3.91","11",6.8,35.6,22,46.3,25.2,20.3,8.2,"2889","68.3","24.2","7.5"
"Ureña, José",570632,2024,"109.0",463,105,13,70,39,15.1,8.4,".321",".275","3.80","4",4.9,39.7,23.1,50.6,24,20.6,4.9,"1759","47.2","34.2","18.6"
"Kinley, Tyler",641755,2024,"64.0",285,61,11,72,33,25.3,11.6,".338",".301","6.19","2",3.4,33.1,33.1,38.2,28.1,25.8,7.9,"1185","33.8","62.9","3.3"
"Barlow, Scott",605130,2024,"55.0",241,44,6,68,31,28.2,12.9,".328",".288","4.25","4",5.8,32.6,33.6,47.8,21,23.9,7.2,"1022","33.9","66.1",
"Suarez, José",660761,2024,"52.1",240,57,7,56,27,23.3,11.3,".367",".342","6.02","4",4.6,47.7,27.5,39.9,22.2,30.1,7.8,"987","49.8","25.4","24.7"
"Adam, Jason",592094,2024,"73.2",282,40,5,81,23,28.7,8.2,".245",".210","1.95","6",5.8,37.8,38.4,43,27.3,19.8,9.9,"1109","38.9","35.3","25.8"
"Crouse, Hans",668968,2024,"25.1",107,14,2,34,17,31.8,15.9,".311",".235","2.84","2",9.3,29.6,35.4,25.9,42.6,20.4,11.1,"437","49.9","38.9","11.2"
"Ferguson, Caleb",657571,2024,"54.1",249,56,6,67,25,26.9,10,".341",".340","4.64","4",3.3,37.3,26.6,46.4,20.9,28.1,4.6,"940","79.6","20.4",
"Rogers, Trevor",669432,2024,"124.1",562,140,14,97,56,17.3,10,".357",".323","4.92","4",4.4,44.4,20.9,46.7,24.7,23,5.7,"2243","55.6","20.6","23.8"
"López, Reynaldo",625643,2024,"135.2",543,108,10,148,42,27.3,7.7,".280",".288","1.99","2",2.6,42.2,27.5,39.6,25.4,28.8,6.3,"2109","55.2","41","3.8"
"Kirby, George",669923,2024,"191.0",778,181,22,179,23,23,3,".272",".292","3.53","7",3.3,36.3,24.1,42.8,26.6,21.3,9.3,"2967","57.8","32","10.2"
"Milner, Hoby",571948,2024,"64.2",268,63,6,64,14,23.9,5.2,".299",".320","4.73","2",7.4,36.2,19.3,53.7,20.2,20.7,5.3,"1043","53.4","32.9","13.7"
"Holmes, Clay",605280,2024,"63.0",271,60,4,68,22,25.1,8.1,".315",".324","3.14","3",4.5,36.5,30.2,64.6,15.2,18,2.2,"1085","56.5","43.5",
"Montero, Keider",672456,2024,"98.1",412,100,19,77,31,18.7,7.5,".325",".287","4.76","3",2,37.9,21.5,40.5,25.9,25.2,8.3,"1539","49.3","40","10.7"
"Harvey, Hunter",640451,2024,"50.2",219,51,5,55,16,25.1,7.3,".330",".336","4.44","5",6.3,48.3,27.1,45.5,17.5,32.2,4.9,"906","62.9","13.9","23.2"
"Peralta, Wandy",593974,2024,"38.1",162,33,6,22,13,13.6,8,".315",".233","3.99","5",6.6,43.4,19.1,53.3,18.9,22.1,5.7,"613","48.1","10.1","41.8"
"Walker, Ryan",676254,2024,"80.0",308,50,5,99,18,32.1,5.8,".251",".256","1.91","9",8.2,30.2,28.6,46.2,23.1,24.2,6.6,"1220","55.2","44.8",
"Weathers, Ryan",677960,2024,"86.2",367,78,11,80,24,21.8,6.5,".303",".277","3.63","9",3.9,38.2,26.1,47.6,22.8,22.8,6.7,"1413","51.7","22.2","26"
"Martin, Chris",455119,2024,"44.1",180,47,5,50,3,27.8,1.7,".298",".359","3.45","3",4.1,35,23.9,46.3,21.1,28.5,4.1,"657","86","0.9","13.1"
"Poche, Colin",621363,2024,"37.1",153,30,7,33,13,21.6,8.5,".281",".230","3.86","0",1.9,42.1,23.4,34.6,35.5,19.6,10.3,"543","68.1","31.9",
"Mikolas, Miles",571945,2024,"171.2",720,194,26,122,25,16.9,3.5,".312",".311","5.35","5",4.2,42.3,16.4,42,25.2,25,7.8,"2703","51","40.5","8.5"
"Povich, Cade",700249,2024,"79.2",352,80,12,69,34,19.6,9.7,".332",".291","5.20","3",4.9,36.6,22.3,35.4,32.5,22.8,9.3,"1389","56.6","32.5","10.9"
"Knack, Landon",689017,2024,"69.0",286,58,14,69,18,24.1,6.3,".276",".242","3.65","3",3.1,43.9,23.1,31.1,36.7,23,9.2,"1149","46.3","39.2","14.5"
"Bello, Brayan",678394,2024,"162.1",702,157,19,153,64,21.8,9.1,".330",".303","4.49","11",3.8,41.1,25.9,51.3,19.6,24.3,4.9,"2710","45","28","26.9"
"Vodnik, Victor",680767,2024,"73.2",320,72,7,65,37,20.3,11.6,".345",".311","4.28","1",3.2,49.3,21.8,53.9,20.3,23.5,2.3,"1341","63.3","20.1","16.6"
"Parker, Mitchell",680730,2024,"151.0",646,154,18,133,43,20.6,6.7,".309",".303","4.29","2",4.3,38.9,22.3,38.7,28.2,26.9,6.2,"2404","48.6","32.4","19.1"
"Williams, Trevor",592866,2024,"66.2",260,51,3,59,18,22.7,6.9,".265",".267","2.03","0",2.2,39.3,22.5,44.8,27.9,21.9,5.5,"1064","48.5","34.7","16.8"
"Rodriguez, Eduardo",593958,2024,"50.0",224,56,8,47,19,21,8.5,".341",".324","5.04","1",5.7,42,22.4,38.2,28.7,27.4,5.7,"866","70.9","6.6","22.5"
"Aguiar, Julian",687924,2024,"31.2",140,30,8,19,12,13.6,8.6,".336",".229","6.25","5",5.8,35.6,18.6,37.5,31.7,19.2,11.5,"530","54","27.2","18.9"
"Taillon, Jameson",592791,2024,"165.1",675,154,21,125,33,18.5,4.9,".280",".271","3.27","1",4.1,38.8,19.5,40.4,30.7,22.9,6,"2483","65.6","30.2","4.3"
"Allard, Kolby",663465,2024,"27.0",117,34,5,23,8,19.7,6.8,".359",".358","5.00","0",3.5,40.7,21.6,46.5,31.4,14,8.1,"436","63.5","12.2","24.3"
"McGough, Scott",543518,2024,"32.2",150,34,6,25,21,16.7,14,".373",".289","7.44","1",1,41.7,25.5,41.7,28.2,25.2,4.9,"577","54.1","13.9","32.1"
"McArthur, James",663704,2024,"56.2",246,68,8,49,13,19.9,5.3,".343",".349","4.92","3",3.3,40.3,28.3,53.6,18.8,23.2,4.4,"903","44.7","55.3",
"Mlodzinski, Carmen",669387,2024,"50.2",209,41,3,46,19,22,9.1,".297",".273","3.38","2",1.4,35.2,26.1,46.5,29.6,18.3,5.6,"866","59.8","39.8","0.3"
"Hudson, Dakota",641712,2024,"89.0",404,99,11,49,50,12.1,12.4,".382",".306","6.17","5",5.3,42,18.6,52.3,23.3,21.7,2.7,"1510","48.6","41.3","10.1"
"Hader, Josh",623352,2024,"71.0",278,43,12,105,25,37.8,9,".248",".230","3.80","1",4.8,38.8,40.5,29.9,38.1,21.1,10.9,"1166","71.5","27.4","1"
"Pagán, Emilio",641941,2024,"38.0",158,40,6,44,11,27.8,7,".323",".351","4.50","0",2.9,50.5,29.6,32,32,25.2,10.7,"593","85",,"15"
"Booser, Cam",592155,2024,"42.2",183,41,5,43,16,23.5,8.7,".311",".303","3.38","0",5.6,36.3,28.9,31.5,36.3,25.8,6.5,"695","76.4","23.6",
"Pallante, Andre",669467,2024,"121.1",509,110,8,94,48,18.5,9.4,".315",".287","3.78","2",5.2,38.1,19.8,61.6,16.2,18.9,3.3,"1934","70.2","29.8",
"Bernardino, Brennan",657514,2024,"51.0",226,50,6,56,22,24.8,9.7,".347",".326","4.06","6",6.3,37.3,21.8,46.5,23.2,26.1,4.2,"860","58.1","41.9",
"Vieira, Thyago",600986,2024,"38.0",177,37,8,39,26,22,14.7,".367",".284","5.21","2",3.6,45.5,24.8,39.1,29.1,24.5,7.3,"737","63.1","36.1","0.8"
"Warren, Will",701542,2024,"22.2",110,33,5,29,10,26.4,9.1,".404",".438","10.32","1",0,50.7,25.8,37.7,29,30.4,2.9,"458","61.1","26.6","12.2"
"Darvish, Yu",506433,2024,"81.2",331,65,12,78,22,23.6,6.6,".274",".248","3.31","3",4.8,39.9,25.6,39.5,28.5,22.8,9.2,"1260","40.1","50.9","9"
"Roupp, Landen",694738,2024,"50.1",217,43,2,47,26,21.7,12,".323",".291","3.58","1",4.2,39.2,25.3,47.6,18.2,27.3,7,"906","42.3","48.3","9.4"
"Suárez, Ranger",624133,2024,"150.2",626,140,14,145,41,23.2,6.5,".299",".302","3.46","5",7.8,34.3,21.9,53.2,18.2,24.4,4.1,"2354","63.1","20.6","16.3"
"Suter, Brent",608718,2024,"65.2",270,63,10,50,12,18.5,4.4,".289",".272","3.15","3",5.4,30.2,20.2,41.5,27.8,23.4,7.3,"1022","63.9","16.3","19.8"
"Moll, Sam",594580,2024,"37.2",152,27,3,38,14,25,9.2,".283",".253","3.35","2",5.1,36.7,25.6,48,28.6,18.4,5.1,"624","66.5","24.5","9"
"Houck, Tanner",656557,2024,"178.2",743,156,11,154,48,20.7,6.5,".296",".283","3.12","16",3.4,41.8,22.6,55.5,17.4,23.7,3.4,"2735","33.8","41.4","24.8"
"Morejon, Adrian",670970,2024,"63.2",272,63,4,71,21,26.1,7.7,".314",".339","2.83","1",7.3,32.4,27.3,51.4,20.7,21.8,6.1,"1064","59.4","32.8","7.8"
"Snell, Blake",605483,2024,"104.0",418,65,6,145,44,34.7,10.5,".263",".266","3.12","1",4.4,28.9,37.7,42.5,26.8,21.9,8.8,"1773","46.4","36.1","17.5"
"Kuhl, Chad",641771,2024,"53.1",240,56,5,54,25,22.5,10.4,".367",".347","5.06","6",7.8,38.3,27.1,46.1,24,25.3,4.5,"980","41.5","45.9","12.6"
"Wilson, Steven",621051,2024,"34.2",163,29,8,34,26,20.9,16,".362",".236","5.71","3",10,31,24.7,26,37,23,14,"623","40.8","51.2","8"
"Weaver, Luke",596133,2024,"84.0",331,52,10,103,26,31.1,7.9,".248",".225","2.89","4",4,38.4,33.5,37.4,32.8,21.7,8.1,"1374","71","1.2","27.7"
"Cano, Yennier",666974,2024,"60.0",249,54,6,65,24,26.1,9.6,".317",".314","3.15","1",3.8,43.4,27.7,63.5,17,17.6,1.9,"1008","62.4","13","24.6"
"Brito, Jhony",666745,2024,"43.2",185,49,4,29,10,15.7,5.4,".321",".319","4.12","0",3.4,35.6,19,47.9,25.3,19.9,6.8,"626","51.3","14.2","34.5"
"Javier, Cristian",664299,2024,"34.2",150,30,4,27,19,18,12.7,".329",".263","3.89","0",2.9,30.8,26.3,26,37.5,26,10.6,"570","39.3","33.9","26.8"
"Fulmer, Carson",608334,2024,"86.2",379,81,11,81,40,21.4,10.6,".334",".292","4.15","5",2.8,44.4,25.8,42.1,28.2,25.4,4.4,"1472","47.1","26","27"
"Bender, Anthony",669622,2024,"53.0",228,50,3,59,18,25.9,7.9,".317",".329","4.08","4",6.1,40.8,22.2,51.7,19,23.1,6.1,"954","49.3","47","3.8"
"Fleming, Josh",676596,2024,"31.1",138,34,3,17,14,12.3,10.1,".355",".301","4.02","1",8.5,33.3,18.8,53.8,17.9,22.6,5.7,"532","63.7","6.2","30.1"
"Dubin, Shawn",681869,2024,"45.1",207,45,3,49,26,23.7,12.6,".353",".331","4.17","2",3.8,42.3,26.3,46.2,27.7,21.5,4.6,"840","59.8","25.1","15.1"
"Leiter Jr., Mark",643410,2024,"58.0",256,55,8,86,22,33.6,8.6,".313",".343","4.50","3",4.1,40,38.3,46.2,20.7,25.5,7.6,"1015","37.6","26.1","36.3"
"Imanaga, Shota",684007,2024,"173.1",694,149,27,174,28,25.1,4,".259",".264","2.91","3",3.5,39.3,28.3,37.2,32.9,21.3,8.6,"2590","54.6","11","34.5"
"Burr, Ryan",621114,2024,"32.2",140,29,4,47,12,33.6,8.6,".300",".329","4.13","1",3.8,47.5,31.9,32.5,32.5,31.3,3.8,"570","39.5","60.5",
"Sandlin, Nick",680704,2024,"57.2",246,46,12,68,27,27.6,11,".325",".262","3.75","6",4.1,42.8,33.7,40,31,18.6,10.3,"1003","38.7","34.8","26.5"
"Hamilton, Ian",641656,2024,"37.2",163,37,2,41,14,25.2,8.6,".331",".340","3.82","3",1.9,37.1,36.5,43.8,21,26.7,8.6,"619","45.7","54.3",
"Santillan, Tony",663574,2024,"30.0",122,21,4,46,9,37.7,7.4,".246",".270","3.00","0",4.5,40.3,30,34.3,32.8,26.9,6,"504","60.3","38.7","1"
"Buehler, Walker",621111,2024,"75.1",344,89,16,64,28,18.6,8.1,".356",".317","5.38","5",5.3,37.8,19.4,45.9,22.4,27.2,4.5,"1336","66.2","28.7","5.2"
"France, J.P.",641585,2024,"25.1",121,31,5,22,12,18.2,9.9,".364",".321","7.46","1",4.7,32.6,25.5,30.2,37.2,24.4,8.1,"466","54.9","22.3","22.7"
"Soriano, José",667755,2024,"113.0",468,91,8,97,45,20.7,9.6,".311",".270","3.42","9",3.2,44.3,23.7,60.1,15.8,21.8,2.2,"1736","61.1","30.9","8.1"
"Rodríguez, Randy",678495,2024,"52.1",221,47,4,53,18,24,8.1,".311",".305","4.30","3",6.2,37.7,29.6,41.8,32.2,20.5,5.5,"879","54.6","39.8","5.6"
"Bido, Osvaldo",674370,2024,"63.1",259,43,3,63,26,24.3,10,".295",".252","3.41","7",6.7,27,26.4,30.7,29.4,23.9,16,"1055","63.6","21.1","15.3"
"Pivetta, Nick",601713,2024,"145.2",595,128,28,172,36,28.9,6.1,".277",".279","4.14","1",3.4,38.9,25.6,33.4,32.1,25.1,9.3,"2386","54.6","45.4",
"Herrin, Tim",682120,2024,"65.2",257,39,2,68,25,26.5,9.7,".270",".237","1.92","5",5,36.5,29.3,51.6,22.6,18.9,6.9,"1011","37.1","62.9",
"Cecconi, Slade",677944,2024,"77.0",338,92,16,64,17,18.9,5,".335",".322","6.66","4",5.9,36.4,19.6,33.6,35.6,23.7,7.1,"1290","55","32.9","12.2"
"Duran, Jhoan",661395,2024,"54.1",228,48,4,66,15,28.9,6.6,".305",".326","3.64","6",7.1,36.2,32.9,61.7,13.5,19.9,5,"881","40.7","27.8","31.4"
"Gonzales, Marco",594835,2024,"33.2",151,43,5,23,11,15.2,7.3,".360",".342","4.54","0",4.3,43.6,17.8,41.9,24.8,26.5,6.8,"546","64.5","10.1","25.5"
"Corbin, Patrick",571578,2024,"174.2",764,208,25,139,54,18.2,7.1,".348",".338","5.62","3",4.4,46.7,22.4,47.2,20.6,27.8,4.4,"2888","60.6","36","3.4"
"Ashby, Aaron",676879,2024,"28.1",119,20,2,33,10,27.7,8.4,".254",".247","2.86","0",1.3,36.8,26.3,60.5,22.4,17.1,0,"484","46.9","32.9","20.2"
"Stanek, Ryne",592773,2024,"55.1",241,48,8,67,25,27.8,10.4,".315",".290","4.88","3",4.1,41.8,33.2,33.6,38.4,20.5,7.5,"977","62","16.6","21.4"
"Contreras, Roansy",672710,2024,"68.1",298,63,11,56,31,18.8,10.4,".330",".267","4.35","4",3.9,43.5,20.9,45.4,30,19.8,4.8,"1074","47.7","41.8","10.5"
"Schreiber, John",670167,2024,"51.2",224,48,1,46,20,20.5,8.9,".321",".307","3.66","4",5.2,37,21.6,52.6,18.8,19.5,9.1,"895","66.9","26.9","6.1"
"Mize, Casey",663554,2024,"102.1",452,121,11,78,29,17.3,6.4,".336",".331","4.49","2",4.7,44.6,22,49.6,21,24.2,5.2,"1789","46.6","35.2","18.2"
"Winckowski, Josh",670174,2024,"76.0",336,81,10,60,26,17.9,7.7,".334",".306","4.14","4",6.5,43.1,20.9,52.4,18.7,23.6,5.3,"1240","74","13.3","12.7"
"Gray, Sonny",543243,2024,"166.1",671,142,21,203,39,30.3,5.8,".275",".301","3.84","3",4.2,37.9,29.8,44.2,24.7,26.4,4.7,"2483","59.5","34.1","6.4"
"Bibee, Tanner",676440,2024,"173.2",710,150,22,187,44,26.3,6.2,".285",".286","3.47","8",4.5,36.9,26.9,35.2,31.6,24.2,8.9,"2851","68.2","13.9","18"
"Sands, Cole",663485,2024,"71.1",292,59,6,85,12,29.1,4.1,".265",".291","3.28","6",2.6,37,26.6,37,35.4,18.5,9,"1154","68.7","14.1","17.2"
"Treinen, Blake",595014,2024,"46.2",184,33,5,56,11,30.4,6,".250",".255","1.93","2",4.3,33.9,27.9,44.3,31.3,18.3,6.1,"737","61.5","38.5",
"Manoah, Alek",666201,2024,"24.1",103,17,5,26,8,25.2,7.8,".282",".200","3.70","4",1.5,35.4,28.2,35.4,27.7,24.6,12.3,"394","54.8","30.5","14.7"
"Akin, Keegan",669211,2024,"78.2",313,55,9,97,19,31,6.1,".244",".250","3.32","2",5.6,37.4,30,38.5,27.7,20.5,13.3,"1241","56","33.2","10.8"
"Salazar, Eduardo",674285,2024,"29.1",133,34,2,27,14,20.3,10.5,".368",".360","2.76","1",6.6,42.9,23.2,54.9,9.9,27.5,7.7,"494","56.7","42.9","0.4"
"Hall, DL",669084,2024,"43.0",197,48,6,44,21,22.3,10.7,".372",".347","5.02","4",8.7,37.8,23.6,48,25.2,18.9,7.9,"782","45.3","34.3","20.5"
"Wilson, Bryse",669060,2024,"104.2",442,102,20,82,31,18.6,7,".311",".270","4.04","4",4,44.3,20.8,37.8,28.6,24.6,8.9,"1643","81.9","13.9","4.2"
"Detmers, Reid",672282,2024,"87.1",391,98,18,109,38,27.9,9.7,".353",".357","6.70","2",2.9,39.3,29.2,39.7,33.5,20.2,6.6,"1557","46.8","39","14.1"
"Jansen, Kenley",445276,2024,"54.2",218,38,4,62,20,28.4,9.2,".271",".260","3.29","1",1.5,37,27,31.1,36.3,22.2,10.4,"801","92.3","7.7",
"Quintana, Jose",500779,2024,"170.1",717,150,22,135,63,18.8,8.8,".314",".266","3.75","11",6.5,38.2,22.2,48.2,24,22.2,5.5,"2819","52.9","27.8","19.3"
"Maeda, Kenta",628317,2024,"112.1",485,124,22,96,31,19.8,6.4,".331",".309","6.09","5",2,36.1,23.9,36.4,29,26.1,8.5,"1958","31.3","37.5","31.2"
"Brown, Ben",676962,2024,"55.1",222,41,5,64,19,28.8,8.6,".276",".273","3.58","1",2.2,51.4,31.4,37.7,27.5,25.4,9.4,"849","62.7","35.7","1.6"
"Boyle, Joe",671212,2024,"47.2",226,42,4,56,40,24.8,17.7,".382",".314","6.42","4",4.8,40.5,30.2,37.3,24.6,28.6,9.5,"966","59","41",
"Gasser, Robert",688107,2024,"28.0",114,28,2,16,1,14,0.9,".283",".286","2.57","3",8.5,24.5,21.6,43.6,23.4,24.5,8.5,"399","53.6","32.1","14.3"
"Shuster, Jared",694363,2024,"73.1",321,74,9,56,33,17.4,10.3,".333",".291","4.30","0",4.3,31.9,23.4,35.3,26.7,27.6,10.3,"1290","42.2","28.4","29.4"
"Singer, Brady",663903,2024,"179.2",762,175,22,170,54,22.3,7.1,".315",".305","3.71","10",5.7,41.7,25.1,48.3,20.8,27.1,3.8,"2966","52.7","45.5","1.9"
"Lambert, Peter",663567,2024,"61.1",280,73,7,50,29,17.9,10.4,".374",".347","5.72","2",3,36.9,22,36.9,24.7,31.3,7.1,"1039","41.8","33.2","25"
"Winn, Keaton",676775,2024,"55.1",238,56,9,48,20,20.2,8.4,".338",".301","7.16","4",2.4,50.6,25.2,50.9,21.8,24.8,2.4,"847","45.6","13.9","40.5"
"Burke, Brock",656271,2024,"34.0",154,37,4,41,16,26.6,10.4,".357",".363","5.82","2",5.3,41.1,29.1,46.3,20,24.2,9.5,"575","57.2","25.9","16.9"
"Farmer, Buck",571656,2024,"71.0",299,56,7,70,29,23.4,9.7,".309",".265","3.04","7",3.6,35.8,26.1,36.8,28,23.3,11.9,"1168","44.2","34.8","21"
"Dunning, Dane",641540,2024,"95.0",421,97,18,91,40,21.6,9.5,".340",".297","5.31","6",4.6,45.8,23.7,44.7,29.6,20.8,4.9,"1689","59.3","28.1","12.6"
"Marte, Yunior",628708,2024,"26.0",127,34,5,23,15,18.1,11.8,".386",".345","6.92","0",6.7,42.7,23.1,44.9,20.2,29.2,5.6,"482","52.1","41.7","6.2"
"Mantiply, Joe",573009,2024,"59.2",243,52,1,53,18,21.8,7.4,".288",".298","3.92","0",10.5,41.9,27.5,54.1,25.6,18,2.3,"867","47.1","26.5","26.4"
"García, Luis",472610,2024,"59.0",254,61,8,53,15,20.9,5.9,".311",".303","4.88","3",5.5,39.3,24,50.3,22.4,21.9,5.5,"897","60.2","21.2","18.6"
"Miller, Mason",695243,2024,"65.0",249,36,6,104,21,41.8,8.4,".233",".256","2.49","1",3.3,32.5,40.1,40.7,26.8,21.1,11.4,"1024","63.1","35","2"
"Helsley, Ryan",664854,2024,"66.1",266,50,3,79,23,29.7,8.6,".275",".294","2.04","0",3,35.4,36.1,37.2,23.8,28,11,"931","45.4","54.6",
"Kershaw, Clayton",477132,2024,"30.0",133,36,2,24,9,18,6.8,".353",".354","4.50","2",4.1,40.8,21.7,39.8,19.4,32.7,8.2,"504","35.7","59.7","4.6"
"Steele, Justin",657006,2024,"134.2",555,111,12,135,37,24.3,6.7,".276",".273","3.07","4",7.1,33.2,23.7,45.6,23,23,8.4,"2046","64.9","31.9","3.3"
"Glasnow, Tyler",607192,2024,"134.0",522,92,15,168,35,32.2,6.7,".244",".255","3.49","0",4.7,40.1,30.9,48.3,23.7,21.1,6.9,"2011","53.7","46.3",
"Pressly, Ryan",519151,2024,"56.2",244,58,4,58,18,23.8,7.4,".322",".338","3.49","2",3.6,41.8,26.9,50.9,20,26.7,2.4,"969","35.1","53.8","11.1"
"Anderson, Nick",623433,2024,"35.2",153,35,6,29,15,19,9.8,".333",".284","4.04","1",1.9,38,23.4,39.8,29.6,26.9,3.7,"573","48.5","45.5","5.9"
"Scott, Tayler",605463,2024,"68.2",282,45,7,71,35,25.2,12.4,".299",".232","2.23","4",2.3,35.7,29.5,42.1,26.3,24,7.6,"1203","54.2","22.1","23.7"
"Kopech, Michael",656629,2024,"67.2",279,44,9,88,34,31.5,12.2,".299",".246","3.46","5",5.3,40.8,32.8,38.8,38.2,17.1,5.9,"1141","89","11",
"Gordon, Tanner",685299,2024,"34.1",160,53,10,26,6,16.3,3.8,".386",".377","8.65","2",4,36.8,18.8,39.2,32.8,24,4,"607","49.8","31.1","19.1"
"Olson, Reese",681857,2024,"112.1",465,100,7,101,33,21.7,7.1,".295",".291","3.53","4",3.7,43.7,28.7,51.4,19,24.2,5.5,"1853","43.9","33.8","22.3"
"Megill, Tylor",656731,2024,"78.0",337,70,8,91,32,27,9.5,".315",".308","4.04","4",3.8,42.6,28.6,40.2,26.8,26.8,6.2,"1365","70.8","20.2","9"
"Molina, Anthony",683627,2024,"59.2",264,72,5,41,22,15.5,8.3,".364",".345","6.79","2",3.5,45.7,18.8,41.2,18.6,33.2,7,"1048","48.3","29.3","22.4"
"McKenzie, Triston",663474,2024,"75.2",340,69,19,74,49,21.8,14.4,".351",".255","5.11","1",1.9,41.9,23.1,35.3,34.9,20,9.8,"1304","52.4","47.6",
"Buttó, José",676130,2024,"74.0",294,41,6,79,38,26.9,12.9,".287",".212","2.55","5",2.9,37.8,32,41.3,26.2,23.3,9.3,"1222","54.5","23.4","22.1"
"Strickland, Hunter",519326,2024,"73.1",294,56,10,57,24,19.4,8.2,".280",".230","3.31","2",1.9,35.5,22.8,35.1,35.1,18,11.8,"1157","72.3","21.6","6.1"
"Sánchez, Sixto",664350,2024,"35.2",162,43,3,17,14,10.5,8.6,".375",".325","6.06","3",4.7,43.8,13.2,50,26.6,20.3,3.1,"621","68.6",,"31.4"
"Musgrove, Joe",605397,2024,"99.2",410,94,14,101,23,24.6,5.6,".310",".305","3.88","10",1.4,40.6,28.3,41.7,29.7,23.2,5.4,"1582","49.4","42.8","7.8"
"Alcala, Jorge",660896,2024,"58.1",235,40,8,58,20,24.7,8.5,".269",".221","3.24","3",4.6,32.7,28.1,35.3,31.4,19.6,13.7,"931","51.6","38.7","9.8"
"Smyly, Drew",592767,2024,"58.2",257,57,10,56,25,21.8,9.7,".333",".292","3.84","3",4,38.2,25.2,36.4,29.5,24.3,9.8,"1016","51.4","48.6",
"Banda, Anthony",607455,2024,"49.2",209,44,5,50,18,23.9,8.6,".309",".295","3.08","2",9.4,38.8,30,46,23.7,23,7.2,"774","59","28.3","12.7"
"Chapman, Aroldis",547973,2024,"61.2",264,44,5,98,38,37.1,14.4,".318",".322","3.79","2",2.4,41.3,32.3,44.4,30.2,19.8,5.6,"1128","61.4","26.6","12"
"Allen, Logan",671106,2024,"97.1",432,113,22,79,41,18.3,9.5,".367",".319","5.73","4",4.2,46.4,21.2,44.2,26.6,22.4,6.8,"1665","63","18.8","18.2"
"Miller, Erik",669062,2024,"67.1",284,50,7,87,38,30.6,13.4,".313",".285","3.88","1",3.2,41.1,30.6,51.9,27.2,15.2,5.7,"1269","49.7","16.4","33.9"
"Baumann, Mike",657508,2024,"58.1",264,59,9,58,28,22,10.6,".345",".303","5.55","4",1.1,43.7,24.5,39.1,33.3,22.4,5.2,"1066","40.8","57.4","1.8"
"Manaea, Sean",640455,2024,"181.2",738,134,21,184,63,24.9,8.5,".280",".246","3.47","9",4,37.8,26.1,37.8,29.1,24.9,8.1,"2996","63.2","25.1","11.7"
"Gallen, Zac",668678,2024,"148.0",621,133,13,156,54,25.1,8.7,".308",".305","3.65","4",2.7,41,26,46.2,23.6,25.8,4.4,"2506","49.5","36.5","14"
"Voth, Austin",608723,2024,"61.0",248,46,9,61,18,24.6,7.3,".271",".237","3.69","3",7.2,29.5,31.6,36.7,30.1,26.5,6.6,"974","57.5","42.5",
"Toussaint, Touki",657053,2024,"23.0",117,35,3,26,18,22.2,15.4,".462",".464","7.43","1",1.4,38.9,27.5,50,23.6,25,1.4,"491","36.7","26.3","37.1"
"King, Bryan",687911,2024,"26.1",109,20,1,32,10,29.4,9.2,".303",".302","2.39","3",7.8,34.4,24.1,45.3,17.2,23.4,14.1,"416","57.9","42.1",
"Gil, Luis",661563,2024,"151.2",637,104,18,171,77,26.8,12.1,".297",".238","3.50","8",2.4,37.4,29,35,30,23.7,11.3,"2664","48.8","25.9","25.3"
"Ellard, Fraser",686642,2024,"24.0",101,18,3,26,12,25.7,11.9,".307",".254","3.75","1",1.6,40.3,25.5,45.2,25.8,24.2,4.8,"432","72.7","23.1","4.2"
"Brasier, Ryan",518489,2024,"28.0",110,22,3,25,5,22.7,4.5,".248",".250","3.54","0",3.8,43.8,22.3,45,22.5,21.3,11.3,"374","57.8","42.2",
"Lorenzen, Michael",547179,2024,"130.1",535,101,17,97,59,18.1,11,".310",".236","3.31","6",3.8,39.4,22.8,41.6,26.3,22.3,9.9,"2092","58.4","22.8","18.8"
"Castillo, Luis",622491,2024,"175.1",719,158,25,175,47,24.3,6.5,".293",".286","3.64","5",4.9,41.9,25.9,40.9,26.8,22.4,10,"2858","63.4","22.3","14.3"
"Lodolo, Nick",666157,2024,"115.1",493,101,13,122,37,24.7,7.5,".316",".290","4.76","18",4.4,38,28.1,44.9,26.3,24.1,4.7,"1863","56.3","27.3","16.4"
"Turnbull, Spencer",605513,2024,"54.1",222,37,6,58,20,26.1,9,".279",".233","2.65","5",2.2,42.4,25.4,47.5,25.2,21.6,5.8,"916","47.2","47.5","5.3"
"Hoeing, Bryan",663773,2024,"53.2",210,43,4,43,14,20.5,6.7,".271",".262","2.18","0",3.3,45.8,22.5,48.4,19,27.5,5.2,"782","56.5","22.9","20.6"
"Rea, Colin",607067,2024,"167.2",714,169,29,135,43,18.9,6,".311",".282","4.29","10",2.9,42,19.3,39.5,30.4,24.1,5.9,"2650","69.8","21.4","8.8"
"Blanco, Ronel",669854,2024,"167.1",676,114,22,166,68,24.6,10.1,".273",".221","2.80","2",3,35.5,29,39.9,31,20.7,8.4,"2751","38.3","39.5","22.1"
"Kelly, Zack",677161,2024,"56.2",241,44,10,61,27,25.3,11.2,".303",".241","3.97","2",6,31.1,28.1,47.7,24.5,20.5,7.3,"955","51.8","27.2","20.9"
"Paxton, James",572020,2024,"100.1",437,95,12,73,50,16.7,11.4,".336",".278","4.40","1",5.1,43.1,21.1,39,29.1,23.3,8.6,"1708","63.2","30.3","6.6"
"Wesneski, Hayden",669713,2024,"67.2",283,56,12,67,21,23.7,7.4,".279",".243","3.86","2",6.2,36.8,25.7,44,26.9,20.7,8.3,"1075","56.6","40.7","2.8"
"Flaherty, Jack",656427,2024,"162.0",649,135,24,194,38,29.9,5.9,".273",".286","3.17","4",3.9,35.9,32.1,40.2,26.9,27.1,5.8,"2569","46.4","50.8","2.7"
"Hicks, Jordan",663855,2024,"109.2",481,112,12,96,47,20,9.8,".349",".315","4.10","9",3.6,42.2,24.6,50.8,21.6,23.1,4.6,"1958","56.9","24.1","19.1"
"Harris, Hogan",663687,2024,"72.1",305,65,7,61,33,20,10.8,".333",".291","2.86","3",4.8,39.4,21.1,38,29.8,25,7.2,"1213","56.3","27.2","16.5"
"Stratton, Hunter",676702,2024,"37.2",158,37,3,33,7,20.9,4.4,".303",".312","3.58","3",6.1,31.3,27.4,40.9,22.6,23.5,13,"587","75","25",
"Bummer, Aaron",607481,2024,"55.1",244,61,2,69,18,28.3,7.4,".333",".388","3.58","2",9.7,32.9,26.7,61.3,9,25.8,3.9,"974","54.8","44","1.1"
"Brazobán, Huascar",623211,2024,"51.2",217,38,2,51,25,23.5,11.5,".304",".265","3.83","3",8,24.6,30,46.4,21,24.6,8,"899","71.3",,"28.7"
"Zerpa, Angel",672582,2024,"53.2",240,59,6,49,20,20.4,8.3,".339",".327","3.86","2",4.1,43.8,16,59.2,17.8,18.9,4.1,"951","63.4","26.3","10.3"
"Assad, Javier",665871,2024,"147.0",638,143,20,124,63,19.4,9.9,".333",".291","3.73","5",5.6,39.8,17.9,43.8,27.6,22.9,5.6,"2538","73.1","22.3","4.6"
"Cole, Gerrit",543037,2024,"95.0",390,78,11,99,29,25.4,7.4,".290",".273","3.41","6",2.3,39.5,24.8,38.3,27,23.8,10.9,"1534","62.2","33.8","4"
"Martinez, Seth",661527,2024,"52.2",222,49,7,36,18,16.2,8.1,".321",".269","3.59","4",3.7,40.2,23,42.1,22,24.4,11.6,"838","53.6","31.9","14.6"
"Garcia, Robert",676395,2024,"59.2",251,55,4,75,16,29.9,6.4,".288",".331","4.22","1",5,30.2,29.4,47.2,17,25.8,10.1,"946","52.9","16","31.2"
"Payamps, Joel",606303,2024,"59.0",235,39,7,59,18,25.1,7.7,".253",".218","3.05","2",4.5,43.6,27.1,39.7,26.9,23.7,9.6,"899","52.1","40.3","7.7"
"Ruiz, José",614179,2024,"51.0",217,51,8,52,17,24,7.8,".318",".309","3.71","1",2,42.2,27.6,44.9,25.2,25.2,4.8,"835","51.6","45.1","3.2"
"Garrett, Reed",657585,2024,"57.1",247,50,6,83,30,33.6,12.1,".333",".352","3.77","2",3.8,37.1,37.6,44.7,24.2,21.2,9.8,"980","53","19.9","27.1"
"Liberatore, Matthew",669461,2024,"86.0",358,81,11,76,28,21.2,7.8,".312",".293","4.40","2",5.6,38.6,25.1,44,27,22.2,6.7,"1357","61.5","34","4.4"
"Law, Derek",571882,2024,"90.0",365,82,7,76,24,20.8,6.6,".294",".293","2.60","1",3.4,35.2,28.6,48.1,18.6,28.8,4.5,"1368","61","33.8","5.1"
"Ragans, Cole",666142,2024,"186.1",762,146,15,223,67,29.3,8.8,".289",".292","3.14","6",3.9,35.4,32,41.4,27.3,23.6,7.7,"3118","53.1","23.2","23.7"
"Slaten, Justin",686580,2024,"55.1",224,47,4,58,9,25.9,4,".259",".285","2.93","2",5.2,36.8,29,50.3,19.4,22.6,7.7,"811","67","33",
"Houser, Adrian",605288,2024,"69.1",309,74,8,45,32,14.6,10.4,".356",".300","5.84","4",3.5,40.4,18.2,48.2,25.9,20.6,5.3,"1131","61.3","26","12.7"
"Civale, Aaron",650644,2024,"161.0",689,158,29,149,52,21.6,7.5,".314",".286","4.36","6",3.5,39.4,21.9,35.9,29.3,26.6,8.3,"2699","66.1","31.9","2"
"Daniel, Davis",669721,2024,"30.1",134,39,5,28,6,20.9,4.5,".343",".362","6.23","1",8.1,39.4,20.2,36.4,29.3,26.3,8.1,"508","48","31.5","20.5"
"Vesia, Alex",681911,2024,"66.1",263,33,7,87,33,33.1,12.5,".260",".200","1.76","1",7.9,35,31.3,25.7,37.9,15.7,20.7,"1109","63.2","31.7","5"
"Wheeler, Zack",554430,2024,"200.0",787,139,20,224,52,28.5,6.6,".253",".247","2.57","8",5.2,33.6,27.5,43.1,26,20.9,9.9,"3134","70","22.7","7.3"
"Iglesias, Raisel",628452,2024,"69.1",259,38,4,68,13,26.3,5,".211",".202","1.95","3",8,30.9,31.5,45.1,29.1,19.4,6.3,"928","48.6","20.7","30.7"
"Nola, Aaron",605400,2024,"199.1",820,189,30,197,50,24,6.1,".295",".294","3.57","3",4.9,38.2,25.2,44.6,24.4,24.6,6.5,"3189","57.5","32.9","9.6"
"Kahnle, Tommy",592454,2024,"42.2",179,30,5,46,19,25.7,10.6,".285",".234","2.11","2",5.4,32.1,36,59.8,18.8,19.6,1.8,"750","21.3","5.6","73.1"
"Stone, Gavin",694813,2024,"140.1",580,133,18,116,37,20,6.4,".297",".283","3.53","2",3.8,36.2,24.7,44.7,25.6,24.9,4.7,"2152","52.6","20.7","26.6"
"Pérez, Martín",527048,2024,"135.0",590,151,22,107,49,18.1,8.3,".349",".319","4.53","5",6.3,41.5,21,44.1,23.5,26.6,5.8,"2204","63.2","14.1","22.7"
"Thompson, Keegan",624522,2024,"30.1",127,19,3,36,18,28.3,14.2,".294",".232","2.67","0",4.2,47.2,28.2,37.5,27.8,30.6,4.2,"538","68.2","29.6","2.2"
"Carrasco, Carlos",471911,2024,"103.2",447,112,19,89,33,19.9,7.4,".336",".310","5.64","5",3.8,38.8,22.7,45.9,24.7,23.4,5.9,"1693","42.4","34.4","23.2"
"Wilson, Justin",458677,2024,"46.2",209,55,10,51,13,24.4,6.2,".335",".338","5.59","2",7,41.3,25.1,39.2,28.7,21,11.2,"816","73.5","25.4","1.1"
"Clase, Emmanuel",661403,2024,"74.1",270,39,2,66,10,24.4,3.7,".190",".197","0.61","2",4.7,29.7,27.1,57.8,15.1,24,3.1,"983","79.5","20.5",
"Kittredge, Andrew",552640,2024,"70.2",287,60,10,67,20,23.3,7,".280",".265","2.80","0",4,39.5,27.8,45.5,22,26,6.5,"1028","50.6","49.4",
"Miller, Tyson",668338,2024,"62.0",235,39,7,54,11,23,4.7,".235",".204","2.32","5",4.8,34.5,26.5,30.9,36.4,23,9.7,"934","50.7","47","2.2"
"Hurter, Brant",676428,2024,"45.1",175,34,4,38,6,21.7,3.4,".230",".238","2.58","0",6.1,36.6,20,55,21.4,13.7,9.9,"645","57.5","30.7","11.8"
"Brown, Hunter",686613,2024,"170.0",712,156,18,179,60,25.1,8.4,".310",".307","3.49","5",5.1,30.3,25.1,48.5,22,22.4,7.1,"2889","69.6","17.8","12.6"
"Ross, Joe",605452,2024,"74.0",321,72,7,66,29,20.6,9,".319",".300","3.77","1",4.5,38.8,27.1,41.5,30.8,20.1,7.6,"1197","52.7","39","8.3"
"Howard, Spencer",675921,2024,"29.0",144,44,5,27,14,18.8,9.7,".406",".402","6.21","0",5.8,44.7,24,38.8,35,21.4,4.9,"537","51","32","16.9"
"Cannon, Jonathan",686563,2024,"124.1",522,125,18,91,40,17.4,7.7,".324",".291","4.49","4",3.4,36.3,21.8,38.3,25.4,28.5,7.8,"2028","59.5","21.8","18.7"
"King, John",667463,2024,"60.0",248,58,5,38,14,15.3,5.6,".296",".280","2.85","1",4.6,36.9,17.5,61.5,16.4,20,2.1,"857","60.3","12","27.7"
"Alexander, Tyler",641302,2024,"107.2",455,110,23,90,24,19.8,5.3,".307",".280","5.10","5",6.3,37.2,20.1,32.1,34.5,25,8.3,"1668","67.2","19.1","13.7"
"Scherzer, Max",453286,2024,"43.1",177,40,7,40,10,22.6,5.6,".288",".277","3.95","1",6.3,34.9,29.2,34.1,29.4,23.8,12.7,"669","49.9","36.2","13.9"
"Minter, A.J.",621345,2024,"34.1",134,24,6,35,11,26.1,8.2,".271",".225","2.62","1",8,33.3,28.4,44.8,29.9,16.1,9.2,"522","82.2",,"17.8"
"Uceta, Edwin",670955,2024,"41.2",159,26,2,57,8,35.8,5,".222",".267","1.51","1",4.3,31.2,34,35.5,28,22.6,14,"672","61.5","4.5","34.1"
"Núñez, Dedniel",673380,2024,"35.0",135,24,3,48,8,35.6,5.9,".237",".276","2.31","0",6.3,38,34.7,53.2,22.8,17.7,6.3,"521","50.1","49.1","0.8"
"Coulombe, Danny",543056,2024,"29.2",107,15,3,32,5,29.9,4.7,".187",".179","2.12","0",4.3,47.1,24,47.1,27.1,18.6,7.1,"466","59","41",
"Muñoz, Roddery",682610,2024,"82.2",379,89,26,70,42,18.5,11.1,".359",".267","6.53","5",1.9,45,23.6,34.7,32.4,26.7,6.1,"1485","70.9","19.8","9.3"
"Soriano, George",666277,2024,"29.1",131,27,7,29,13,22.1,9.9,".336",".256","6.75","4",10.6,45.9,25.5,25.9,27.1,38.8,8.2,"519","43","39.5","17.5"
"Kelly, Kevin",687330,2024,"70.2",278,59,7,63,9,22.7,3.2,".264",".271","2.67","5",7.5,36.8,20.1,56.2,17.4,21.9,4.5,"1033","72.1","27.9",
"Honeywell Jr., Brent",641703,2024,"37.2",150,32,3,18,12,12,8,".311",".257","2.63","2",5.9,39.8,15.3,43.2,31.4,21.2,4.2,"595","52.1","23.7","24.2"
"Ray, Robbie",592662,2024,"30.2",129,20,6,43,15,33.3,11.6,".320",".241","4.70","6",4.7,35.9,36,28.1,35.9,23.4,12.5,"568","53","47",
"Otañez, Michel",671305,2024,"34.0",151,27,2,55,20,36.4,13.2,".331",".352","3.44","3",4.1,32.9,39.9,38.4,24.7,24.7,12.3,"601","58.9","41.1",
"Bivens, Spencer",702352,2024,"48.2",202,47,9,37,11,18.3,5.4,".294",".266","3.14","1",3.9,36.6,18.7,54.2,24.8,15,5.9,"768","62.2","24.2","13.5"
"Richards, Trevor",670950,2024,"65.1",277,44,7,62,35,22.4,12.6,".295",".219","4.55","2",3.4,37.9,23.4,35.6,33.9,21.5,9,"1182","46.4",,"53.6"
"Wicks, Jordan",696136,2024,"46.0",212,55,9,42,20,19.8,9.4,".365",".333","5.48","2",3.4,39.9,23.4,40.5,31.8,23.6,4.1,"852","58.1","16.1","25.8"
"Jackson, Jay",543351,2024,"26.1",114,28,7,29,9,25.4,7.9,".325",".304","7.52","0",1.3,42.1,25.7,35.5,26.3,31.6,6.6,"453","31.1","55.6","13.2"
"Mears, Nick",683232,2024,"57.2",256,61,7,75,24,29.3,9.4,".332",".360","5.93","0",3.8,33.1,28.5,40.8,29.9,24.2,5.1,"1028","60.2","39.8",
"Pop, Zach",647315,2024,"48.1",209,45,9,33,19,15.8,9.1,".317",".248","5.59","2",5.8,44.5,22.1,55.5,20,18.7,5.8,"743","85.5","14.5",
"Ober, Bailey",641927,2024,"178.2",709,136,27,191,43,26.9,6.1,".261",".247","3.98","6",5.5,34.3,29,34.3,35.2,20.3,10.2,"2696","38.1","32.5","29.4"
"Rodríguez, Manuel",655889,2024,"37.2",158,29,3,34,11,21.5,7,".292",".257","2.15","5",4.7,34.9,26.6,49.1,19.8,24.5,6.6,"605","53.4","46.6",
"Priester, Quinn",682990,2024,"49.2",221,56,7,33,14,14.9,6.3,".330",".299","4.71","3",3.5,46.2,22.2,56.7,18.1,21.6,3.5,"811","44.9","42.4","12.7"
"Devenski, Chris",606965,2024,"26.2",122,28,9,24,14,19.7,11.5,".344",".253","6.75","0",1.2,44,27.1,25,39.3,19,16.7,"533","44.8","7.7","47.5"
"Banks, Tanner",621383,2024,"72.1",310,69,6,78,24,25.2,7.7,".311",".318","3.98","3",4.9,34.1,26.1,49.3,24.9,22,3.9,"1174","39.4","47.8","12.9"
"Springs, Jeffrey",605488,2024,"33.0",142,34,5,37,11,26.1,7.7,".324",".330","3.27","1",1.1,46.2,29.9,38.7,29,24.7,7.5,"565","44.8","23.5","31.7"
"Cantillo, Joey",676282,2024,"38.2",163,35,6,44,15,27,9.2,".307",".296","4.89","0",3.8,40.4,31.1,48.1,22.1,22.1,7.7,"711","48.8","23.6","27.6"
"Gore, MacKenzie",669022,2024,"166.1",731,171,15,181,65,24.8,8.9,".339",".341","3.90","11",5.7,38.1,28.6,39.5,25.4,29.6,5.5,"2994","55.3","35.4","9.3"
"Young, Danny",664849,2024,"37.2",165,29,3,48,18,29.1,10.9,".331",".299","4.54","7",2.2,39.1,30.7,53.3,19.6,26.1,1.1,"697","47.8","52.2",
"Kolek, Stephen",663568,2024,"46.2",211,59,4,39,12,18.5,5.7,".352",".362","5.21","3",4.5,41,21.1,56.4,16.7,25.6,1.3,"797","72.9","20.2","6.9"
"Armstrong, Shawn",542888,2024,"66.2",295,77,6,66,25,22.4,8.5,".354",".364","4.86","2",4,38.1,22.9,35.6,25.2,28.7,10.4,"1109","91.8","8.2",
"Floro, Dylan",571670,2024,"68.2",279,65,5,48,17,17.2,6.1,".299",".290","3.80","1",5.2,39,18.4,45.5,23.9,26.3,4.2,"1018","63.6","26.9","9.5"
"Ferrer, Jose A.",678606,2024,"32.0",129,27,1,25,6,19.4,4.7,".271",".274","3.38","2",2.1,47.9,22,57.3,16.7,18.8,7.3,"476","75.4","5.5","19.1"
"Hendricks, Kyle",543294,2024,"130.2",567,147,21,87,43,15.3,7.6,".340",".305","5.92","3",4.6,33.4,18.9,45.6,23.3,23,8.1,"2135","48.2","13.1","38.7"
"Hudson, Daniel",543339,2024,"63.0",253,46,10,63,19,24.9,7.5,".261",".225","3.00","1",1.2,49.4,32.3,38.8,35.3,17.1,8.8,"999","55.4","40.9","3.7"
"Ginkel, Kevin",656464,2024,"70.0",291,69,6,77,15,26.5,5.2,".300",".333","3.21","3",3.6,40.8,27.9,42.9,25.5,27,4.6,"1184","61.6","38.4",
"Funderburk, Kody",681892,2024,"34.2",161,41,4,32,15,19.9,9.3,".381",".356","6.49","5",3.7,34.9,25,55,16.5,22.9,5.5,"652","63.8","32.5","3.7"
"Abbott, Andrew",671096,2024,"138.0",586,127,25,114,52,19.5,8.9,".309",".260","3.72","2",3.1,33.5,22.6,34.7,32.5,21.1,11.7,"2333","53.5","30.1","16.3"
"Hanifee, Brenan",669724,2024,"29.1",120,27,2,23,6,19.2,5,".275",".281","1.84","0",7.7,36.3,17.7,52.7,17.6,25.3,4.4,"446","68.2","22.4","9.4"
"Fedde, Erick",607200,2024,"177.1",726,154,20,154,52,21.2,7.2,".291",".271","3.30","5",4.3,37.7,21.6,41.7,27.4,22.3,8.5,"2891","63.4","20.2","16.4"
"Lowder, Rhett",695076,2024,"30.2",128,25,0,22,14,17.2,10.9,".305",".272","1.17","0",2.2,41.3,20.1,39.1,25,29.3,6.5,"498","53.2","27.3","19.5"
"Cabrera, Génesis",650893,2024,"62.2",271,63,10,50,29,18.5,10.7,".348",".296","3.59","2",2.6,41.1,26.1,43.7,24.7,22.6,8.4,"1030","80.3","12","7.7"
"Kochanowicz, Jack",686799,2024,"65.1",266,68,7,25,10,9.4,3.8,".325",".284","3.99","8",4,44.4,15.2,56.5,15.2,23.3,4.9,"859","78.7","18.4","2.9"
"Tate, Dillon",622253,2024,"36.2",164,42,2,27,12,16.5,7.3,".354",".336","4.66","4",4.1,30.6,19.3,51.2,17.4,22.3,9.1,"590","54.1","33.4","12.5"
"Bradford, Cody",674003,2024,"76.1",308,64,10,70,13,22.7,4.2,".253",".252","3.54","1",4.9,34.8,23.6,36.6,28.6,25,9.8,"1175","52.9","19.7","27.3"
"Waldron, Matt",663362,2024,"146.2",625,145,21,133,40,21.3,6.4,".315",".297","4.91","11",5.5,35,20.8,39.1,28.9,22.5,9.5,"2450","42","58",
"Tyler, Kyle",667725,2024,"31.2",142,37,4,25,18,17.6,12.7,".394",".351","5.40","1",6.1,45.9,26.5,49,19.4,27.6,4.1,"580","59.3","39.7","1"
"Crochet, Garrett",676979,2024,"146.0",595,123,18,209,33,35.1,5.5,".271",".318","3.58","5",5.2,38.8,33.1,45.1,25.9,23.6,5.5,"2395","84.3","9.7","5.9"
"Brieske, Beau",689225,2024,"67.2",282,55,5,69,30,24.5,10.6,".310",".286","3.59","2",6.1,35.9,23.9,38.7,28.2,24.3,8.8,"1152","56.3","17.3","26.5"
"Ashcraft, Graham",668933,2024,"77.1",350,89,11,57,27,16.3,7.7,".349",".313","5.24","6",1.9,42.7,22.1,49.2,22.7,22.7,5.4,"1342","64.3","32","3.7"
"Hernández, Carlos",672578,2024,"30.0",129,24,1,27,16,20.9,12.4,".318",".274","3.30","1",2.4,38.8,25.6,31.8,35.3,17.6,15.3,"560","54.1","34.5","11.4"
"Yarbrough, Ryan",642232,2024,"98.2",398,70,11,65,32,16.3,8,".289",".215","3.19","12",8.3,29.4,21.1,41.5,26,22.5,10,"1514","57","27.5","15.5"
"Brebbia, John",605154,2024,"55.1",242,56,11,67,19,27.7,7.9,".322",".317","5.86","3",3.9,37.3,25.5,29.4,33.3,29.4,7.8,"994","47.9","51.8","0.3"
"Varland, Gus",681402,2024,"26.1",115,30,2,27,8,23.5,7,".339",".364","3.42","1",1.3,39.2,24.5,38,29.1,29.1,3.8,"455","56.7","38.2","5.1"
"Curry, Xzavion",675540,2024,"42.2",172,38,8,28,7,16.3,4.1,".262",".233","4.64","0",2.9,43.1,21.1,23.4,43.1,23.4,10.2,"639","49.5","48.4","2.2"
"Rodón, Carlos",607074,2024,"175.0",736,157,31,195,57,26.5,7.7,".304",".284","3.96","10",3,40.9,30.1,34.6,35.4,21.9,8,"3102","52.9","34.2","12.9"
"Anderson, Grant",681982,2024,"26.2",120,33,11,29,10,24.2,8.3,".367",".319","8.10","1",5,41.3,25.7,40,30,18.8,11.3,"483","51.6","41","7.5"
"Martinez, Justin",679885,2024,"72.2",308,59,2,91,36,29.5,11.7,".316",".324","2.48","2",7.8,31.8,34.5,60.3,12.8,23.5,3.4,"1177","56.6","21.6","21.8"
"López, Pablo",641154,2024,"185.1",772,180,26,198,41,25.6,5.3,".298",".311","4.08","8",5,37.5,27,44,26.6,24.9,4.6,"2986","48.1","31.8","20.1"
"Lee, Dylan",669276,2024,"59.2",240,49,7,76,17,31.7,7.1,".276",".302","2.11","0",6.8,32,37.7,36.1,33.3,26.5,4.1,"859","33.2","54.7","12.1"
"García, Yimi",554340,2024,"39.0",153,23,6,49,12,32,7.8,".243",".205","3.46","2",7.8,34.4,29,30,37.8,18.9,13.3,"619","53.2","37.3","9.5"
"Thorpe, Drew",689672,2024,"44.1",190,35,8,25,21,13.2,11.1,".302",".201","5.48","1",7,37.3,23.9,36.6,29.6,22.5,11.3,"721","46","18.4","35.5"
"Burnes, Corbin",669203,2024,"194.1",784,165,22,181,48,23.1,6.1,".274",".269","2.92","2",4.2,31.6,28.6,48.8,22.4,19.9,8.9,"2995","52.8","36.2","11.1"
"Rogers, Tyler",643511,2024,"70.1",290,67,7,51,6,17.6,2.1,".278",".276","2.82","7",6.2,31.1,18.6,56,19.1,16.4,8.4,"1002","64.5","35.5",
"Kremer, Dean",665152,2024,"129.2",553,110,18,123,51,22.2,9.2,".297",".258","4.10","3",4.8,35.4,23.3,42.3,29.3,18.6,9.8,"2171","70.1","11.4","18.5"
"Phillips, Tyler",663969,2024,"36.2",160,45,9,28,7,17.5,4.4,".338",".316","6.87","2",3.3,40.7,21.7,42.3,23.6,26.8,7.3,"578","49.5","43.6","6.9"
"Blach, Ty",621389,2024,"71.1",330,103,17,36,18,10.9,5.5,".387",".343","6.94","6",4.8,42.6,14.8,41.5,30.4,24.8,3.3,"1133","64.6","11","24.4"
"Kerkering, Orion",689147,2024,"63.0",257,51,2,74,17,28.8,6.6,".297",".316","2.29","8",5.7,33.5,27.8,54.4,18.4,24.7,2.5,"1087","44.3","55.7",
"Arrighetti, Spencer",681293,2024,"145.0",632,139,21,171,65,27.1,10.3,".334",".321","4.53","7",3.6,39.8,27.7,36.2,27.2,28.3,8.2,"2505","60.6","30.8","8.6"
"Smith, Will",519293,2024,"41.1",186,45,7,29,15,15.6,8.1,".342",".292","6.53","3",6.5,30.9,23.7,30.9,32.4,29.5,7.2,"673","29","56.5","14.6"
"Morton, Charlie",450203,2024,"165.1",701,154,23,167,65,23.8,9.3,".339",".307","4.19","18",5.1,38.4,26.1,47.2,23.3,25.5,4,"2791","46.6","42.4","11"
"Ottavino, Adam",493603,2024,"56.0",245,49,6,70,23,28.6,9.4,".324",".312","4.34","7",9,34.7,25.7,44.4,23.6,22.2,9.7,"1003","54.4","40.6","5"
"Fairbanks, Pete",664126,2024,"45.1",185,36,4,44,17,23.8,9.2,".288",".269","3.57","0",3.2,41.1,21.8,42.7,25.8,22.6,8.9,"696","52.2","44.8","3"
"Long, Sam",669674,2024,"42.2",176,34,5,44,17,25,9.7,".297",".269","3.16","1",5.3,33.3,27.8,44.7,32.5,17.5,5.3,"702","38.5","53","8.5"
"Woodford, Jake",663765,2024,"35.0",167,48,6,26,9,15.6,5.4,".359",".341","7.97","3",3.9,39.5,14,37.2,29.5,28.7,4.7,"618","66.8","28.2","5"
"Chavez, Jesse",445926,2024,"63.1",264,60,10,55,19,20.8,7.2,".304",".281","3.13","1",3.7,35.4,17,43.4,27.5,25.9,3.2,"1044","78","8.6","13.4"